Price,Location,Beds,Baths,Size,Units,Phone,Image_URL,Home_URL
"$1,799+/mo","The Cork Factory | 2349 Railroad St, Pittsburgh, PA 15222",1-2 bed,1-2 bath,"740-1,569",27 units available,(412) 944-2349,https://ssl.cdn-redfin.com/photo/rent/e93d3776-a37c-48a9-af38-52b64e25152b/islphoto/genIsl.0_2.jpg,https://www.redfin.com/PA/Pittsburgh/The-Cork-Factory/apartment/189828927
"$2,550/mo","The Square On Butler | 3459 Butler St, Pittsburgh, PA 15201",2 beds,1.5-2 baths,—,3 units available,(724) 492-8335,https://ssl.cdn-redfin.com/photo/rent/57aa05f6-85d5-45b8-a645-eda4cdfa9731/islphoto/genIsl.0_5.jpg,https://www.redfin.com/PA/Pittsburgh/The-Square-On-Butler/apartment/177404965
"$1,750+/mo","The Brix At 26 | 75 S 26th St, Pittsburgh, PA 15203",1 bed,1-1.5 bath,"662-1,186",27 units available,(724) 715-6718,https://ssl.cdn-redfin.com/photo/rent/082a90e8-a04a-4262-8c3e-47322699028e/islphoto/genIsl.0_3.jpg,https://www.redfin.com/PA/Pittsburgh/The-Brix-At-26/apartment/177400270
Contact for Price,"Baum Boulevard Flats | 5722 Baum Blvd, Pittsburgh, PA 15206",0 beds,1 bath,—,Cats welcome,(412) 912-1022,https://ssl.cdn-redfin.com/photo/rent/f485ba44-a9ee-4e67-b3bf-ece0f81013fe/islphoto/genIsl.0_2.jpg,https://www.redfin.com/PA/Pittsburgh/5722-Baum-Blvd-15206/home/182307309
"$1,550+/mo","Lot 24 | 2404 Railroad St, Pittsburgh, PA 15222",0-1 beds,1 bath,634-769,3 units available,(412) 815-0791,https://ssl.cdn-redfin.com/photo/rent/8cccf1a0-72f7-403e-a61f-31c92e50c695/islphoto/genIsl.0_1.jpg,https://www.redfin.com/PA/Pittsburgh/Lot-24/apartment/74562284
"$1,699+/mo","The Residences @ The Garden | 22 West North Ave, Pittsburgh, PA 15212",1-2 bed,1-2 bath,"635-1,078",4 units available,(412) 714-2653,https://ssl.cdn-redfin.com/photo/rent/8c40190c-9a4c-4748-ba29-a51d3536ece2/islphoto/genIsl.0_1.jpg,https://www.redfin.com/PA/Pittsburgh/The-Residences-The-Garden/apartment/186851596
"$1,305+/mo","Hollendon Apartments | 1723 Wightman St, Pittsburgh, PA 15217",1-2 bed,1 bath,832,2 units available,(412) 871-4813,https://ssl.cdn-redfin.com/photo/rent/666bf544-558b-4783-86a0-6d86e2a32e4c/islphoto/genIsl.0_1.jpg,https://www.redfin.com/PA/Pittsburgh/Hollendon-Apartments/apartment/74751425
"$1,329+/mo","Allegheny Branch House Lofts | 810 W North Ave, Pittsburgh, PA 15233",0-2 beds,1-2 bath,"420-1,144",13 units available,(412) 714-2768,https://ssl.cdn-redfin.com/photo/rent/a2f41615-118b-4ca4-8df5-96220fd26b37/islphoto/genIsl.0_1.jpg,https://www.redfin.com/PA/Pittsburgh/Allegheny-Branch-House-Lofts/apartment/189506184
"$1,325+/mo","School House Apartments | 500 Tripoli St, Pittsburgh, PA 15212",0-2 beds,1-2.5 bath,"563-1,345",43 units available,(724) 307-5815,https://ssl.cdn-redfin.com/photo/rent/20336fb1-428b-430e-9822-ddd27bb22b6f/islphoto/genIsl.0_4.jpg,https://www.redfin.com/PA/Pittsburgh/School-House-Apartments/apartment/74552418
"$1,405+/mo","Amberson Plaza Apartments | 5030 Centre Ave, Pittsburgh, PA 15213",1-2 bed,1 bath,680-720,25 units available,(412) 912-8165,https://ssl.cdn-redfin.com/photo/rent/e793f679-11c0-4b46-92eb-d010a109d12f/islphoto/genIsl.0_2.jpg,https://www.redfin.com/PA/Pittsburgh/Amberson-Plaza-Apartments/apartment/74661987
"$2,200+/mo","Portal Place Apartments | 2633 5th Ave, Pittsburgh, PA 15213",2 beds,2 baths,"1,100-1,200",6 units available,(412) 714-2324,https://ssl.cdn-redfin.com/photo/rent/9de35834-ef28-4f70-a1ae-cecf1d47616b/islphoto/genIsl.0_1.jpg,https://www.redfin.com/PA/Pittsburgh/Portal-Place-Apartments/apartment/74571717
"$1,525+/mo","Royal Windsor | 222 Melwood Ave, Pittsburgh, PA 15213",2-5 beds,1-3 bath,"755-2,040",4 units available,(412) 814-1394,https://ssl.cdn-redfin.com/photo/rent/adbe946a-a262-4be4-881e-fc0eabaf541c/islphoto/genIsl.0_1.jpg,https://www.redfin.com/PA/Pittsburgh/Royal-Windsor/apartment/74567428
"$1,465/mo","Lofts at Terrain | 700 Mansfield Ave, Pittsburgh, PA 15205",2 beds,2 baths,762,5 units available,(724) 492-8939,https://ssl.cdn-redfin.com/photo/rent/9b6c40e0-16ed-4cf5-bc93-920d49217f72/islphoto/genIsl.0_13.jpg,https://www.redfin.com/PA/Pittsburgh/Lofts-at-Terrain/apartment/145077064
"$1,175+/mo","Thames Manor | 585 S Negley Ave, Pittsburgh, PA 15232",1 bed,1 bath,—,2 units available,(724) 715-3997,https://ssl.cdn-redfin.com/photo/rent/461363c5-a2cc-46e1-8f95-1d70b0b242db/islphoto/genIsl.0_1.jpg,https://www.redfin.com/PA/Pittsburgh/Thames-Manor/apartment/74745749
"$1,949+/mo","Aurora Manor Townhomes | 2207 Aurora Dr, Pittsburgh, PA 15237",2 beds,1.5 baths,"1,600",2 units available,(724) 715-6798,https://ssl.cdn-redfin.com/photo/rent/cceb5618-b4e1-4a42-a373-19a770fd9d4d/islphoto/genIsl.0_4.jpg,https://www.redfin.com/PA/Pittsburgh/Aurora-Manor-Townhomes/apartment/191481556
$950/mo,"Apartments on Academy | 50-60 Academy Ave, Pittsburgh, PA 15228",1 bed,1 bath,1,4 units available,(412) 815-1356,https://ssl.cdn-redfin.com/photo/rent/072ab40b-91f1-4cca-8119-3d5760ed3767/islphoto/genIsl.0_6.jpg,https://www.redfin.com/PA/Pittsburgh/Apartments-on-Academy/apartment/185040265
"$1,785/mo","The Brake House Lofts | 2501 Liberty Ave, Pittsburgh, PA 15222",1 bed,1 bath,—,4 units available,(724) 715-3990,https://ssl.cdn-redfin.com/photo/rent/b98d7012-e301-4d2e-b483-a4507c678a1e/islphoto/genIsl.0_5.jpg,https://www.redfin.com/PA/Pittsburgh/The-Brake-House-Lofts/apartment/74562294
Contact for Price,"Plum Creek Acres | 501 Center New Texas Rd, Pittsburgh, PA 15239",1 bed,1 bath,—,1 unit available,(724) 307-8891,https://ssl.cdn-redfin.com/photo/rent/f2e3c07e-0499-4276-b836-0ba54f06c27b/islphoto/genIsl.0_1.jpg,https://www.redfin.com/PA/Pittsburgh/Plum-Creek-Acres/apartment/186017376
"$1,500+/mo","The Reserve at Summerset | 1001 Parkview Blvd, Pittsburgh, PA 15217",1-3 bed,1-2.5 bath,"2,200-2,700",3 units available,(412) 815-1128,https://ssl.cdn-redfin.com/photo/rent/85cd8ba7-e2e6-4e0e-a052-127fd5477085/islphoto/genIsl.0_1.jpg,https://www.redfin.com/PA/Pittsburgh/The-Reserve-at-Summerset/apartment/187437731
"$1,499/mo","Craig Manor | 325 N Craig St #329, Pittsburgh, PA 15213",2 beds,1 bath,750,1 unit available,(412) 500-0373,https://ssl.cdn-redfin.com/photo/rent/5aa5ec86-b086-4e10-aab5-5c9ba4d5ff64/islphoto/genIsl.0_1.jpg,https://www.redfin.com/PA/Pittsburgh/Craig-Manor/apartment/192619702
"$1,135+/mo","Carriage House | 1515 Penn Ave, Wilkinsburg, PA 15221",2 beds,1 bath,—,1 unit available,(412) 815-1180,https://ssl.cdn-redfin.com/photo/rent/6571b9c7-45c6-4fd8-8016-522c2ee8206a/islphoto/genIsl.0_3.jpg,https://www.redfin.com/PA/Wilkinsburg/Carriage-House/apartment/74545818
"$1,731+/mo","Maxon Towers | 6315 Forbes Ave, Pittsburgh, PA 15217",1-2 bed,1-2 bath,700-950,4 units available,(412) 714-2270,https://ssl.cdn-redfin.com/photo/rent/df55d365-7638-4c97-b178-88bca359308a/islphoto/genIsl.0_1.jpg,https://www.redfin.com/PA/Pittsburgh/Maxon-Towers/apartment/73534257
"$1,880+/mo","Bates Hill | 3812 Bates St, Pittsburgh, PA 15213",2 beds,1-2 bath,780,2 units available,(412) 912-7076,https://ssl.cdn-redfin.com/photo/rent/c02daaa9-d5e1-49b6-8303-bcdcfdecc9ba/islphoto/genIsl.0_3.jpg,https://www.redfin.com/PA/Pittsburgh/Bates-Hill/apartment/73525059
"$1,015+/mo","Bower Hill III Apartments | 1170 Bower Hill Rd, Pittsburgh, PA 15243",1-3 bed,1-2 bath,"557-1,444",5 units available,(412) 205-8628,https://ssl.cdn-redfin.com/photo/rent/a6850d09-aaa1-4d4d-b617-45b67bff8091/islphoto/genIsl.0_2.jpg,https://www.redfin.com/PA/Pittsburgh/Bower-Hill-III-Apartments/apartment/74496821
"$1,330/mo","Walnut Street Apartments | 5614 Walnut St, Pittsburgh, PA 15232",1 bed,1 bath,815,1 unit available,(412) 815-1396,https://ssl.cdn-redfin.com/photo/rent/50859585-6489-4fcd-bcef-ac1cf98c26d5/islphoto/genIsl.0_1.jpg,https://www.redfin.com/PA/Pittsburgh/Walnut-Street-Apartments/apartment/74748953
"$1,095+/mo","North Pointe Commons | 100 Park Plaza Dr, Pittsburgh, PA 15229",1-2 bed,1-1.5 bath,630-903,3 units available,(412) 871-9162,https://ssl.cdn-redfin.com/photo/rent/e4c3c4bc-0dab-45a0-a33c-cf2f91e052de/islphoto/genIsl.0_5.jpg,https://www.redfin.com/PA/Pittsburgh/North-Pointe-Commons/apartment/177359985
$900+/mo,"Coronado Apartments | 5260 Centre Ave, Pittsburgh, PA 15232",0 beds,1 bath,433-664,3 units available,(724) 715-3966,https://ssl.cdn-redfin.com/photo/rent/77fc52bc-2059-41ed-b839-0f6dc5d969fc/islphoto/genIsl.0_1.jpg,https://www.redfin.com/PA/Pittsburgh/Coronado-Apartments/apartment/74662295
"$1,325+/mo","Brew House Lofts | 711 S 21st St, Pittsburgh, PA 15203",1-2 bed,1-2 bath,—,3 units available,(412) 912-8455,https://ssl.cdn-redfin.com/photo/rent/6edcafcf-eab8-4b50-938f-5aaa3106cf38/islphoto/genIsl.0_1.jpg,https://www.redfin.com/PA/Pittsburgh/Brew-House-Lofts/apartment/163671436
"$1,095+/mo","Greenbriar Village Apartments & Townhomes | 1701 Greenvalley Dr, Pittsburgh, PA 15220",1-3 bed,1-2.5 bath,"690-1,560",6 units available,(724) 307-5753,https://ssl.cdn-redfin.com/photo/rent/6249af67-00c4-4322-81fe-86d9f4fec3ab/islphoto/genIsl.0_1.jpg,https://www.redfin.com/PA/Pittsburgh/Greenbriar-Village-Apartments-Townhomes/apartment/177411072
$975+/mo,"Wellington One | 153 Schwitter Ave, Pittsburgh, PA 15229",1-2 bed,1 bath,—,4 units available,(412) 714-2355,https://ssl.cdn-redfin.com/photo/rent/7a741e07-928b-413a-8e60-ace561e51204/islphoto/genIsl.0_1.jpg,https://www.redfin.com/PA/Pittsburgh/Wellington-One/apartment/74593945
"$1,379+/mo","900 Penn Apartments | 900 Penn Ave, Pittsburgh, PA 15222",0-1 beds,1 bath,520-870,4 units available,(412) 912-8842,https://ssl.cdn-redfin.com/photo/rent/64270277-7a58-4b65-b2e5-d4ece7200284/islphoto/genIsl.0_5.jpg,https://www.redfin.com/PA/Pittsburgh/900-Penn-Ave-15222/apartment/74773465
$850/mo,"Dawson House | 481 Dawson Ave, Pittsburgh, PA 15202",1 bed,1 bath,560,Pets welcome,(724) 307-8962,https://ssl.cdn-redfin.com/photo/rent/ba96d827-670f-4d5f-915c-19b7db52a54b/islphoto/genIsl.0_1.jpg,https://www.redfin.com/PA/Pittsburgh/Dawson-House/apartment/74504672
$999+/mo,"Lebanon Vue | 400 Cochran Rd, Pittsburgh, PA 15228",1-2 bed,1 bath,640-735,12 units available,(412) 815-1348,https://ssl.cdn-redfin.com/photo/rent/d5054d04-fce1-40e9-ac8c-02a65dc594a8/islphoto/genIsl.0_4.jpg,https://www.redfin.com/PA/Pittsburgh/Lebanon-Vue/apartment/74494961
$995+/mo,"3200 Chestnut Ridge Dr, Pittsburgh, PA 15205",1-2 bed,1-2 bath,"600-1,100",10 units available,(724) 492-8445,https://ssl.cdn-redfin.com/photo/rent/a52b8167-2cd0-42cc-a9ee-27e73ac03c4e/islphoto/genIsl.0_6.jpg,https://www.redfin.com/PA/Pittsburgh/3200-Chestnut-Ridge-Dr-15205/apartment/177407313
$950/mo,"Canteberry Arms | 18 N Fremont Ave, Pittsburgh, PA 15202",1 bed,1 bath,—,Pets welcome,(412) 912-8949,https://ssl.cdn-redfin.com/photo/rent/a3e4f37c-250d-47bd-a4da-bc2ac7cd7c77/islphoto/genIsl.0_1.jpg,https://www.redfin.com/PA/Pittsburgh/Canteberry-Arms/apartment/74504998
"$1,999+/mo","Century Building | 130 7th St, Pittsburgh, PA 15222",2 beds,2 baths,"1,018",2 units available,(412) 912-8762,https://ssl.cdn-redfin.com/photo/rent/3c23ad83-07a2-42b6-b667-ac327b0a4c58/islphoto/genIsl.0_2.jpg,https://www.redfin.com/PA/Pittsburgh/Century-Building/apartment/177354551
$970+/mo,"Kings Arms Apartments | 800 S Negley Ave, Pittsburgh, PA 15232",0-2 beds,1 bath,388-662,3 units available,(412) 871-9330,https://ssl.cdn-redfin.com/photo/rent/993a563c-af72-4f7f-bc67-c0996f2c04b4/islphoto/genIsl.0_1.jpg,https://www.redfin.com/PA/Pittsburgh/Kings-Arms-Apartments/apartment/73510201
"$1,025+/mo","Kennilworth Apartments | 5700 Centre Ave, Pittsburgh, PA 15206",1 bed,1 bath,435-520,Laundry facility,(412) 419-1959,https://ssl.cdn-redfin.com/photo/rent/03be1d1d-1f99-41e7-85df-55eb1ba96fed/islphoto/genIsl.0_1.jpg,https://www.redfin.com/PA/Pittsburgh/Kennilworth-Apartments/apartment/177403029
"$1,200+/mo","5th Ave Apartments | 6215 5th Ave, Pittsburgh, PA 15232",1-2 bed,1 bath,—,5 units available,(878) 978-5864,https://ssl.cdn-redfin.com/photo/rent/1ca4c9a0-705f-4ca2-a563-25be53afc85d/islphoto/genIsl.0_1.jpg,https://www.redfin.com/PA/Pittsburgh/5th-Ave-Apartments/apartment/74746362
"$1,110+/mo","Negley Court | 5620 Fifth Ave, Pittsburgh, PA 15232",1-2 bed,1 bath,622-694,2 units available,(412) 318-5860,https://ssl.cdn-redfin.com/photo/rent/6c9fd241-dd8e-4b8e-8df7-115cb2941e38/islphoto/genIsl.0_1.jpg,https://www.redfin.com/PA/Pittsburgh/Negley-Court/apartment/189829235
"$1,700/mo","5435 Claybourne St, Pittsburgh, PA 15232",1 bed,1 bath,748,1 unit available,(724) 492-8765,https://ssl.cdn-redfin.com/photo/rent/c60d1199-9238-4013-b992-2c962704b92c/islphoto/genIsl.0_2.jpg,https://www.redfin.com/PA/Pittsburgh/5435-Claybourne-St-15232/apartment/73505806
"$1,100+/mo","Greenhill | 4221 Winterburn Ave, Pittsburgh, PA 15207",1-2 bed,1 bath,638-778,1 unit available,(412) 912-7177,https://ssl.cdn-redfin.com/photo/rent/4e3ba2ac-1aa0-4344-9396-57cc6c7fdfe6/islphoto/genIsl.0_2.jpg,https://www.redfin.com/PA/Pittsburgh/Greenhill/apartment/73580253
"$1,395+/mo","Essex House | 5701 Centre Ave, Pittsburgh, PA 15206",1-2 bed,1-2 bath,"760-1,180",Laundry facility,(412) 871-9045,https://ssl.cdn-redfin.com/photo/rent/86dfe7af-602b-492c-a93c-80ab1a263984/islphoto/genIsl.0_2.jpg,https://www.redfin.com/PA/Pittsburgh/Essex-House/apartment/187455044
$900+/mo,"Walnut Place Apartments | 5425 Howe St, Pittsburgh, PA 15232",1-2 bed,1-2 bath,—,Laundry facility,(412) 815-0787,https://ssl.cdn-redfin.com/photo/rent/022d5a8a-c2d3-490c-97a6-360ef9abb56d/islphoto/genIsl.0_1.jpg,https://www.redfin.com/PA/Pittsburgh/Walnut-Place-Apartments/apartment/74665000
"$1,400+/mo","The Revival on Carson | 1700 E Carson St, Pittsburgh, PA 15203",1-2 bed,1-2 bath,566-983,4 units available,(412) 550-0199,https://ssl.cdn-redfin.com/photo/rent/02d3131f-3dac-4b1b-9331-2cc5c14049ce/islphoto/genIsl.0_4.jpg,https://www.redfin.com/PA/Pittsburgh/The-Revival-on-Carson/apartment/177358125
Contact for Price,"Forward Shady Apartment | 5841 Forward Ave, Pittsburgh, PA 15217",1 bed,1 bath,—,Laundry in unit,(412) 815-1267,https://ssl.cdn-redfin.com/photo/rent/cbef1e44-b107-4b30-9a50-1d3d73b2aee2/islphoto/genIsl.0_2.jpg,https://www.redfin.com/PA/Pittsburgh/Forward-Shady-Apartment/apartment/177358284
"$1,199+/mo","The Preserve at Heinz | 950 Progress St, Pittsburgh, PA 15212",1-2 bed,1-2 bath,720-956,20 units available,(412) 517-6983,https://ssl.cdn-redfin.com/photo/rent/82699dca-a7cf-4579-a18d-26400ecf96e4/islphoto/genIsl.0_4.jpg,https://www.redfin.com/PA/Pittsburgh/The-Preserve-at-Heinz/apartment/145074857
$935/mo,"Velma Court | 772 Greenfield Ave, Pittsburgh, PA 15217",1 bed,1 bath,600,1 unit available,(412) 714-2096,https://ssl.cdn-redfin.com/photo/rent/289d6309-ba60-4c06-b338-2db7bfbb47f6/islphoto/genIsl.0_1.jpg,https://www.redfin.com/PA/Pittsburgh/Velma-Court/apartment/73554848
$800+/mo,"Alder Ridge | 114 Tally Dr, Pittsburgh, PA 15237",1-3 bed,1-2 bath,"600-1,115",Cats welcome,(724) 492-8787,https://ssl.cdn-redfin.com/photo/rent/bb0fac7b-8898-4d8e-925c-6fdb2e6f46fa/islphoto/genIsl.0_1.jpg,https://www.redfin.com/PA/Pittsburgh/Alder-Ridge/apartment/177388891
$884+/mo,"Waldorf Park Apartments | 103 McKnight Cir, Pittsburgh, PA 15237",1-2 bed,1-2 bath,"550-1,140",8 units available,(412) 815-0829,https://ssl.cdn-redfin.com/photo/rent/31e1f826-1c0d-4af3-a21f-01c139867488/islphoto/genIsl.0_4.jpg,https://www.redfin.com/PA/Pittsburgh/Waldorf-Park-Apartments/apartment/185569716
"$1,450/mo","Rossview Heights Townhomes | 112 Hilands Pl, Pittsburgh, PA 15237",3 beds,1 bath,"1,170",6 units available,(724) 492-8467,https://ssl.cdn-redfin.com/photo/rent/3a15b34b-e3af-44b4-97e3-314b0de9e0a2/islphoto/genIsl.0_13.jpg,https://www.redfin.com/PA/Pittsburgh/Rossview-Heights-Townhomes/apartment/177361190
$999+/mo,"Shadyside Apartments | 6005 Fifth Ave, Pittsburgh, PA 15206",0-1 beds,1 bath,520-692,10 units available,(724) 492-8996,https://ssl.cdn-redfin.com/photo/rent/7b653eb1-1b7a-4c55-985a-dc8094ec419c/islphoto/genIsl.0_5.jpg,https://www.redfin.com/PA/Pittsburgh/Shadyside-Apartments/apartment/177354563
"$1,235+/mo","Flats on Fifth | 1655 5th Ave, Pittsburgh, PA 15219",1-2 bed,1-2 bath,"688-1,054",39 units available,(412) 912-8690,https://ssl.cdn-redfin.com/photo/rent/a0a10419-715f-43f0-bea8-22093bab164f/islphoto/genIsl.0_1.jpg,https://www.redfin.com/PA/Pittsburgh/Flats-on-Fifth/apartment/113693410
$905+/mo,"Mark Twain Apartments | 406 N Neville St, Pittsburgh, PA 15213",0-2 beds,1 bath,484-773,3 units available,(412) 752-9384,https://ssl.cdn-redfin.com/photo/rent/29865904-55eb-467a-8286-7fcca4318d9b/islphoto/genIsl.0_1.jpg,https://www.redfin.com/PA/Pittsburgh/Mark-Twain-Apartments/apartment/74664458
$900+/mo,"Alcoma on the Green | 225 Alcoma Blvd, Penn Hills, PA 15235",1-3 bed,1-2 bath,"724-1,200",8 units available,(724) 260-6696,https://ssl.cdn-redfin.com/photo/rent/12a788ef-144e-42b1-92d3-ced3f603905b/islphoto/genIsl.0_3.jpg,https://www.redfin.com/PA/Penn-Hills/Alcoma-on-the-Green/apartment/179447061
$850+/mo,"Hoodridge Court | 452-484 Hoodridge Dr, Pittsburgh, PA 15234",1-2 bed,1 bath,547-815,1 unit available,(412) 815-1005,https://ssl.cdn-redfin.com/photo/rent/209beec4-e929-4080-afa5-8d595807eb2a/islphoto/genIsl.0_2.jpg,https://www.redfin.com/PA/Pittsburgh/Hoodridge-Court/apartment/184913378
$925/mo,"Place Sevile Apartments | 957 Bockstoce Ave, Pittsburgh, PA 15234",1 bed,1 bath,—,2 units available,(412) 815-1185,https://ssl.cdn-redfin.com/photo/rent/c7eaea53-afb0-4eae-b148-fcb7959a5020/islphoto/genIsl.0_4.jpg,https://www.redfin.com/PA/Pittsburgh/Place-Sevile-Apartments/apartment/74528802
$980+/mo,"White Oaks | 600 Stevens Dr, Pittsburgh, PA 15237",2 beds,1 bath,800-860,2 units available,(412) 815-0875,https://ssl.cdn-redfin.com/photo/rent/b5637497-a030-4576-a07b-0f1e14271ad7/islphoto/genIsl.0_4.jpg,https://www.redfin.com/PA/Pittsburgh/White-Oaks/apartment/185569718
$965/mo,"Brighton Road Apartments | 2449 Brighton Rd, Pittsburgh, PA 15212",1 bed,1 bath,—,2 units available,(412) 714-2701,https://ssl.cdn-redfin.com/photo/rent/3023f5b3-3b91-4761-bea9-fdcfac8b46a9/islphoto/genIsl.0_3.jpg,https://www.redfin.com/PA/Pittsburgh/Brighton-Road-Apartments/apartment/190782374
"$1,299+/mo","Bryant Lofts | 5700 Bryant St, Pittsburgh, PA 15206",1-2 bed,1 bath,717,9 units available,(724) 715-3974,https://ssl.cdn-redfin.com/photo/rent/2368e7b1-735f-4aef-aac8-088c2f7b7bb3/islphoto/genIsl.0_9.jpg,https://www.redfin.com/PA/Pittsburgh/5700-Bryant-St-15206/home/73584720
$705/mo,"Central Square Apartments | 101129 Central Sq, Mt Lebanon, PA 15228",0 beds,1 bath,440,5 units available,(724) 307-8483,https://ssl.cdn-redfin.com/photo/rent/30b6cb18-b136-403e-8c90-58b132a7d97e/islphoto/genIsl.0_15.jpg,https://www.redfin.com/PA/Mt-Lebanon/Central-Square-Apartments/apartment/183944916
"$1,029+/mo","Oakland Apartments | 135 N Craig St, Pittsburgh, PA 15213",0-5 beds,1-3 bath,700-900,14 units available,(412) 815-1075,https://ssl.cdn-redfin.com/photo/rent/8399065c-c4ce-4bf0-9e04-04f2c5dfdf89/islphoto/genIsl.0_8.jpg,https://www.redfin.com/PA/Pittsburgh/Oakland-Apartments/apartment/189828928
$975+/mo,"Cloverleaf Village | 3 Marhoefer Dr, Pleasant Hills, PA 15236",2 beds,1 bath,725,4 units available,(724) 715-3808,https://ssl.cdn-redfin.com/photo/rent/69377629-cbfc-4e75-92e9-de27c6d6ee52/islphoto/genIsl.0_4.jpg,https://www.redfin.com/PA/Pleasant-Hills/Cloverleaf-Village/apartment/140327011
$850+/mo,"Laurel Ridge | 100 15th St, West View, PA 15229",1-3 bed,1-1.5 bath,"650-1,000",7 units available,(724) 307-8780,https://ssl.cdn-redfin.com/photo/rent/fbfcf2c4-6595-44a2-883b-f0b011dc5fbd/islphoto/genIsl.0_1.jpg,https://www.redfin.com/PA/West-View/Laurel-Ridge/apartment/180762264
$865+/mo,"Hoodridge Hall Apartments | 412 Hoodridge Dr, Castle Shannon, PA 15234",1-2 bed,1 bath,611-760,4 units available,(412) 556-9600,https://ssl.cdn-redfin.com/photo/rent/f6472d19-5aeb-4bd6-9309-a195f60bc974/islphoto/genIsl.0_3.jpg,https://www.redfin.com/PA/Castle-Shannon/Hoodridge-Hall-Apartments/apartment/191600853
$867+/mo,"Holiday Park Apartments | 80 Sandune Dr, Pittsburgh, PA 15239",1-3 bed,1-2.5 bath,"500-1,508",11 units available,(724) 715-3810,https://ssl.cdn-redfin.com/photo/rent/67d50693-961f-427e-809b-f4cb0fb60bb1/islphoto/genIsl.0_9.jpg,https://www.redfin.com/PA/Pittsburgh/Holiday-Park-Apartments/apartment/102209732
$725+/mo,"Savoy Apartments | 3500 Brownsville Rd, Pittsburgh, PA 15227",1-2 bed,1 bath,495-870,6 units available,(412) 815-1568,https://ssl.cdn-redfin.com/photo/rent/1d7fe5c3-251d-4e80-8110-ea065a7c8f27/islphoto/genIsl.0_6.jpg,https://www.redfin.com/PA/Pittsburgh/Savoy-Apartments/apartment/74525552
$729+/mo,"Bellevue Apartments | 37 Washington Ave, Pittsburgh, PA 15202",0-2 beds,1 bath,—,8 units available,(724) 307-8110,https://ssl.cdn-redfin.com/photo/rent/054c53ed-ff5f-43bf-a3c2-7306d0ee9de1/islphoto/genIsl.0_4.jpg,https://www.redfin.com/PA/Pittsburgh/Bellevue-Apartments/apartment/74462252
$735+/mo,"South Hills Apartments | 500 Hoodridge Dr, Pittsburgh, PA 15234",0-3 beds,1 bath,699,7 units available,(412) 714-2374,https://ssl.cdn-redfin.com/photo/rent/cf299645-366a-4799-afa8-6d9d2c03e6c5/islphoto/genIsl.0_4.jpg,https://www.redfin.com/PA/Pittsburgh/South-Hills-Apartments/apartment/74528955
$690+/mo,"Sleepy Hollow Townhomes | Sleepy Hollow Rd, Pittsburgh, PA 15234",1-3 bed,1 bath,—,2 units available,(412) 714-2530,https://ssl.cdn-redfin.com/photo/rent/a0f5a514-001f-4089-9aa8-4c94883e14a2/islphoto/genIsl.0_3.jpg,https://www.redfin.com/PA/Pittsburgh/Sleepy-Hollow-Rd-15234/home/163742073
$730+/mo,"Dormont Apartments | 1524 McFarland Rd, Pittsburgh, PA 15216",0-2 beds,1-2 bath,—,7 units available,(724) 307-5502,https://ssl.cdn-redfin.com/photo/rent/ee6e0b40-8eb2-45ad-a283-fc77ed7ce523/islphoto/genIsl.0_2.jpg,https://www.redfin.com/PA/Pittsburgh/Dormont-Apartments/apartment/74770170
$575+/mo,"Pinetree Gardens | 162 Victoria Dr, Brentwood, PA 15227",1 bed,1 bath,500-620,4 units available,(724) 260-6729,https://ssl.cdn-redfin.com/photo/rent/233706cb-52fb-48b6-9d96-a8d3c3eba484/islphoto/genIsl.0_3.jpg,https://www.redfin.com/PA/Brentwood/Pinetree-Gardens/apartment/177410605
$725+/mo,"Bellevue Mansions | 440 Jefferson Ave, Bellevue, PA 15202",0-2 beds,1 bath,—,8 units available,(412) 912-8796,https://ssl.cdn-redfin.com/photo/rent/d00ceb20-1769-47f5-8e44-797f89bd97c9/islphoto/genIsl.0_2.jpg,https://www.redfin.com/PA/Bellevue/Bellevue-Mansions/apartment/177356656
$760+/mo,"Shamrock | 58 S Fremont Ave, Bellevue, PA 15202",1-2 bed,1 bath,—,5 units available,(412) 815-1346,https://ssl.cdn-redfin.com/photo/rent/1a30d649-efad-4938-8fdc-be3eb40d4205/islphoto/genIsl.0_3.jpg,https://www.redfin.com/PA/Bellevue/Shamrock/apartment/177431227
$690/mo,"Skytop Village | 1661 Skyline Dr, Pittsburgh, PA 15227",1 bed,1 bath,475,7 units available,(412) 912-7018,https://ssl.cdn-redfin.com/photo/rent/ee865b6a-c073-422d-8826-da165db87177/islphoto/genIsl.0_5.jpg,https://www.redfin.com/PA/Pittsburgh/Skytop-Village/apartment/184089265
$810+/mo,"Castletone Apartments | 790 Shady Dr E, Mt Lebanon, PA 15228",1 bed,1 bath,494-614,2 units available,(412) 785-3192,https://ssl.cdn-redfin.com/photo/rent/dc6cdb66-845e-4a2c-be57-d0311f02f055/islphoto/genIsl.0_1.jpg,https://www.redfin.com/PA/Mt-Lebanon/Castletone-Apartments/apartment/177358190
$950+/mo,"Wellington Square | 3910-3950 Old William Penn Hwy, Pittsburgh, PA 15235",1-2 bed,1-2 bath,—,5 units available,(412) 714-2618,https://ssl.cdn-redfin.com/photo/rent/973f1b2e-4aa9-4555-bab9-673687e5f84e/islphoto/genIsl.0_3.jpg,https://www.redfin.com/PA/Pittsburgh/Wellington-Square/apartment/189064295
$630/mo,"Boulevard Apartments | 4740 Baum Blvd, Pittsburgh, PA 15213",0 beds,1 bath,330,2 units available,(412) 815-1458,https://ssl.cdn-redfin.com/photo/rent/f586d799-1f90-4fff-ab4e-a43ee95e6fec/islphoto/genIsl.0_2.jpg,https://www.redfin.com/PA/Pittsburgh/Boulevard-Apartments/apartment/180762260
$850+/mo,"Alvern Gardens | 1000 Vermont Ave, Pittsburgh, PA 15234",1-2 bed,1 bath,563-728,5 units available,(412) 912-8775,https://ssl.cdn-redfin.com/photo/rent/773e4ad4-1615-4917-b7d8-6477325e423f/islphoto/genIsl.0_3.jpg,https://www.redfin.com/PA/Pittsburgh/Alvern-Gardens/apartment/185569612
$700+/mo,"143 Oak Manor Pl, Penn Hills, PA 15235",1-3 bed,1-1.5 bath,—,9 units available,(412) 871-9068,https://ssl.cdn-redfin.com/photo/rent/8e47346d-2c08-4b78-9b34-56a756deb09b/islphoto/genIsl.0_6.jpg,https://www.redfin.com/PA/Penn-Hills/143-Oak-Manor-Pl-15235/apartment/177399849
$650+/mo,"JJ Land Company | 5738 Baum Blvd, Pittsburgh, PA 15206",0-3 beds,1-2 bath,396,5 units available,(412) 714-2085,https://ssl.cdn-redfin.com/photo/rent/6c57d4e3-0486-4635-a981-b0eed007f4f0/islphoto/genIsl.0_3.jpg,https://www.redfin.com/PA/Pittsburgh/JJ-Land-Company/apartment/177387063
$780+/mo,"Laurel Gardens | 1645 Ardmore Blvd, Pittsburgh, PA 15221",1-2 bed,1 bath,—,3 units available,(412) 815-1564,https://ssl.cdn-redfin.com/photo/rent/a27a1b98-3bdb-479a-a6c3-a6555bc31238/islphoto/genIsl.0_4.jpg,https://www.redfin.com/PA/Pittsburgh/Laurel-Gardens/apartment/74577276
$650+/mo,"Garden Villa Apartments | 3304 Brownsville Rd, Pittsburgh, PA 15227",0 beds,1 bath,—,1 unit available,(412) 815-1206,https://ssl.cdn-redfin.com/photo/rent/e739ba5b-083f-4dec-bdf8-d491e5cc2d92/islphoto/genIsl.0_2.jpg,https://www.redfin.com/PA/Pittsburgh/3304-Brownsville-Rd-15227/home/74489242
$825+/mo,"Hillcrest Apartments | Union Ave, Pittsburgh, PA 15202",1-2 bed,1 bath,—,2 units available,(412) 944-2766,https://ssl.cdn-redfin.com/photo/rent/b5973afc-68f2-41dd-b4ef-e0889acc7917/islphoto/genIsl.0_1.jpg,https://www.redfin.com/PA/Pittsburgh/Union-Ave-15202/home/163526352
$595+/mo,"Brentshire Gardens | 3045 Pyramid Ave, Pittsburgh, PA 15227",0-1 beds,1 bath,400-615,4 units available,(412) 871-9079,https://ssl.cdn-redfin.com/photo/rent/d334b9bb-6d33-4ead-8fa7-75ec12daeede/islphoto/genIsl.0_3.jpg,https://www.redfin.com/PA/Pittsburgh/Brentshire-Gardens/apartment/74488543
"$1,099+/mo","Squirrel Hill Apartments | 5620 Hobart St, Pittsburgh, PA 15217",1-3 bed,1-1.5 bath,"565-1,760",6 units available,(724) 492-8972,https://ssl.cdn-redfin.com/photo/rent/ebb7c83c-2363-43e8-a6e4-3ffe116e0e6d/islphoto/genIsl.0_3.jpg,https://www.redfin.com/PA/Pittsburgh/Squirrel-Hill-Apartments/apartment/74754415
"$1,020+/mo","Ambassador Apartments | 4733 Centre Ave, Pittsburgh, PA 15213",0-1 beds,1 bath,521-687,5 units available,(412) 709-5769,https://ssl.cdn-redfin.com/photo/rent/14898268-d76b-46b8-8f4b-83d6086a6d1c/islphoto/genIsl.0_2.jpg,https://www.redfin.com/PA/Pittsburgh/Ambassador-Apartments/apartment/74661984
"$2,295/mo","148 44th St, Pittsburgh, PA 15201",2 beds,1 bath,"1,814",A/C,(844) 831-2831,https://ssl.cdn-redfin.com/photo/rent/00cea271-decc-455b-8245-7c5307e34cf7/islphoto/genIsl.0_2.jpg,https://www.redfin.com/PA/Pittsburgh/148-44th-St-15201/home/74735393
"$2,900/mo","423 Walnut Ct, Pittsburgh, PA 15237",3 beds,3 baths,"2,550",Pets welcome,(866) 516-1797,https://ssl.cdn-redfin.com/photo/rent/1f638156-d392-468c-9c4f-f87a1b9787a5/islphoto/genIsl.0_1.jpg,https://www.redfin.com/PA/Pittsburgh/423-Walnut-Ct-15237/home/171273606
$925/mo,"4502 Stanton Ave, Pittsburgh, PA 15201",1 bed,1 bath,900,Laundry hookups,(866) 891-1264,https://ssl.cdn-redfin.com/photo/rent/e8c25866-ed45-4925-a22d-1b4b317a74ca/islphoto/genIsl.0_2.jpg,https://www.redfin.com/PA/Pittsburgh/4502-Stanton-Ave-15201/home/74737324
"$1,195/mo","1162 N Wheeler Dr, Pittsburgh, PA 15208",3 beds,1 bath,"1,064",Car-dependent,(844) 257-8622,https://ssl.cdn-redfin.com/photo/rent/4c7008e6-2efe-4f61-b871-fa75582358f1/islphoto/genIsl.0_1.jpg,https://www.redfin.com/PA/Pittsburgh/1162-N-Wheeler-Dr-15208/home/74514650
$700/mo,"2648 Robinson Blvd, Penn Hills, PA 15235",0 beds,1 bath,350,Cats welcome,(888) 996-4922,https://ssl.cdn-redfin.com/photo/rent/99ff62a2-69e4-44fb-93da-f65dcf7cb221/islphoto/genIsl.0_1.jpg,https://www.redfin.com/PA/Penn-Hills/2648-Robinson-Blvd-15235/apartment/192457355
$900/mo,"2750 Robinson Blvd, Penn Hills, PA 15235",2 beds,1 bath,650,Cats welcome,(866) 557-0104,https://ssl.cdn-redfin.com/photo/rent/1925042b-096e-40d5-a225-b853f4a2fe4e/islphoto/genIsl.0_1.jpg,https://www.redfin.com/PA/Penn-Hills/2750-Robinson-Blvd-15235/apartment/192457405
"$1,288+/mo","Kaufmanns | 434 5th Ave, Pittsburgh, PA 15219",0-2 beds,1-2 bath,458-983,Pets welcome,(412) 899-6678,https://ssl.cdn-redfin.com/photo/rent/0e3db80d-a454-4158-9199-8f7c9f2fb1be/islphoto/genIsl.0_1.jpg,https://www.redfin.com/PA/Pittsburgh/434-5th-Ave-15219/home/177355614
"$1,570/mo","Normandy Apartments | 5520 Fifth Ave, Pittsburgh, PA 15232",2 beds,1 bath,710,Dishwasher,(878) 213-4352,https://ssl.cdn-redfin.com/photo/rent/6418b409-b8a0-44cd-8326-f5c0537c542e/islphoto/genIsl.0_5.jpg,https://www.redfin.com/PA/Pittsburgh/Normandy-Apartments/apartment/189832330
"$1,020+/mo","(SCH) - Southcrest Heights Apartments | 631 Southcrest Dr, Pittsburgh, PA 15226",2-3 beds,1 bath,775-950,Dishwasher,(412) 500-0267,https://ssl.cdn-redfin.com/photo/rent/c01d18ac-b9bb-45f4-8193-b4c96f1889fe/islphoto/genIsl.0_1.jpg,https://www.redfin.com/PA/Pittsburgh/SCH-Southcrest-Heights-Apartments/apartment/189829311
$975/mo,"101 Mount Lebanon Blvd, Pittsburgh, PA 15228",2 beds,1 bath,765,Somewhat walkable,(412) 871-4958,https://ssl.cdn-redfin.com/photo/rent/f7cb2a94-74be-4ec0-92af-379e0121e641/islphoto/genIsl.0_2.jpg,https://www.redfin.com/PA/Pittsburgh/101-Mount-Lebanon-Blvd-15228/apartment/74529823
"$1,695/mo","5635 Hobart St, Pittsburgh, PA 15217",2 beds,1 bath,750,N/A,(412) 752-6023,https://ssl.cdn-redfin.com/photo/rent/fd777c1b-1522-43b2-b2d1-4f850bb5a02f/islphoto/genIsl.0_9.jpg,https://www.redfin.com/PA/Pittsburgh/5635-Hobart-St-15217/apartment/189827678
"$1,850+/mo","JKMO Realty | 1823 Penn Ave, Pittsburgh, PA 15221",2-3 beds,1-2 bath,"720-1,100",Dishwasher,(412) 806-1576,https://ssl.cdn-redfin.com/photo/rent/9a6a8266-d8a5-4b98-8cd5-28994fad871d/islphoto/genIsl.0_3.jpg,https://www.redfin.com/PA/Pittsburgh/JKMO-Realty/apartment/186567700
"$1,125/mo","42 Wyoming St, Pittsburgh, PA 15211",1 bed,1 bath,705,Pets welcome,(878) 978-0097,https://ssl.cdn-redfin.com/photo/rent/99c10aa6-b825-48ac-8132-ad03e7942ca7/islphoto/genIsl.0_1.jpg,https://www.redfin.com/PA/Pittsburgh/42-Wyoming-St-15211/apartment/192518771
$920/mo,"(Larose) Southcrest Heights Apartments | 631 Southcrest Dr Unit 1, Pittsburgh, PA 15226",1 bed,1 bath,660,Dishwasher,(412) 899-1626,https://ssl.cdn-redfin.com/photo/rent/698fc63b-0445-4ac4-a8ee-7dd8ec4eadaa/islphoto/genIsl.0_1.jpg,https://www.redfin.com/PA/Pittsburgh/Larose-Southcrest-Heights-Apartments/apartment/179829590
"$1,250+/mo","Smallman Flats | 2916 Smallman St, Pittsburgh, PA 15201",0-1 beds,1 bath,380-700,Dishwasher,(878) 978-5953,https://ssl.cdn-redfin.com/photo/rent/ca93c9fd-9d87-4d75-aaf7-57480745a28d/islphoto/genIsl.0_5.jpg,https://www.redfin.com/PA/Pittsburgh/Smallman-Flats/apartment/177391345
$995/mo,"3618 Baytree St, Pittsburgh, PA 15214",2 beds,1 bath,—,Car-dependent,(412) 525-7074,https://ssl.cdn-redfin.com/photo/rent/c82df9ca-aa31-48aa-8150-b1d7dd9a7bad/islphoto/genIsl.0_2.jpg,https://www.redfin.com/PA/Pittsburgh/3618-Baytree-St-15214/apartment/177358946
"$2,200/mo","5th Avenue School Lofts | 1800 5th Ave, Pittsburgh, PA 15219",2 beds,2.5 baths,"1,816",Pets welcome,(412) 806-1552,https://ssl.cdn-redfin.com/photo/rent/af1bbd99-9bef-4f68-92a5-48fdb9b32a31/islphoto/genIsl.0_12.jpg,https://www.redfin.com/PA/Pittsburgh/1800-5th-Ave-15219/home/74775091
"$1,425+/mo","The Venue Apartments! | 625 Stanwix St, Pittsburgh, PA 15222",1-2 bed,1 bath,580-975,Pets welcome,(412) 806-1631,https://ssl.cdn-redfin.com/photo/rent/e754384b-1ddd-4c4e-9d9b-02d694bf3142/islphoto/genIsl.0_3.jpg,https://www.redfin.com/PA/Pittsburgh/625-Stanwix-St-15222/home/141273863
"$1,195/mo","Hobart & Wightman Apartments | 2041 Wightman St, Pittsburgh, PA 15217",1 bed,1 bath,701,Very walkable,(412) 319-0494,https://ssl.cdn-redfin.com/photo/rent/5bd37f2c-bcb7-458f-a9cc-c23f752a9fbc/islphoto/genIsl.0_2.jpg,https://www.redfin.com/PA/Pittsburgh/2041-Wightman-St-15217/home/74754424
$825/mo,"1144 Tennessee Ave, Pittsburgh, PA 15216",1 bed,1 bath,375,Dishwasher,(724) 260-1518,https://ssl.cdn-redfin.com/photo/rent/2280732a-ba09-4ed4-9d1f-8ebe36b31596/islphoto/genIsl.0_1.jpg,https://www.redfin.com/PA/Pittsburgh/1144-Tennessee-Ave-15216/apartment/74768814
"$1,495/mo","529 Lucia Dr, Pittsburgh, PA 15221",4 beds,1.5 baths,"1,202",Pets welcome,(888) 527-1897,https://ssl.cdn-redfin.com/photo/rent/f61e5547-26b7-4d6b-8371-06856d508cb2/islphoto/genIsl.0_2.jpg,https://www.redfin.com/PA/Pittsburgh/529-Lucia-Dr-15221/home/74606122
"$1,895/mo","132 High Oak Pl, Pittsburgh, PA 15220",3 beds,2 baths,"1,224",Pets welcome,(877) 659-0198,https://ssl.cdn-redfin.com/photo/rent/cae0ed83-4acc-4337-ba72-2b66ac05a402/islphoto/genIsl.0_1.jpg,https://www.redfin.com/PA/Pittsburgh/132-High-Oak-Pl-15220/home/74604825
$850/mo,"246 W Steuben St Unit 2, Pittsburgh, PA 15205",1 bed,1 bath,900,N/A,(866) 346-3597,https://ssl.cdn-redfin.com/photo/rent/68144ac9-198d-490b-9d86-3b46108a75d8/islphoto/genIsl.0_1.jpg,https://www.redfin.com/PA/Pittsburgh/246-W-Steuben-St-15205/unit-2/apartment/182953440
"$2,800/mo","405 Plaza Dr, Pittsburgh, PA 15236",3 beds,2.5 baths,"2,100",Pets welcome,(855) 701-0398,https://ssl.cdn-redfin.com/photo/rent/7ad9f195-9b14-4765-b68e-4088b1113c3b/islphoto/genIsl.0_1.jpg,https://www.redfin.com/PA/Pittsburgh/405-Plaza-Dr-15236/home/174715703
"$2,800/mo","507 Plaza Dr, Pittsburgh, PA 15236",3 beds,2.5 baths,"2,100",Pets welcome,(412) 334-0536,https://ssl.cdn-redfin.com/photo/rent/140b1ce9-c98e-4787-b4b1-bcef8a416b58/islphoto/genIsl.0_1.jpg,https://www.redfin.com/PA/Pittsburgh/507-Plaza-Dr-15236/home/174715717
"$2,650/mo","Plaza Dr, Pittsburgh, PA 15236",3 beds,2.5 baths,"1,800",Pets welcome,(412) 334-0536,https://ssl.cdn-redfin.com/photo/rent/a0d97f35-dd6e-4f39-ac6d-a1808141d403/islphoto/genIsl.0_1.jpg,https://www.redfin.com/PA/Pittsburgh/Plaza-Dr-15236/home/163781508
"$1,750/mo","536 Burton Dr, Pittsburgh, PA 15235",3 beds,2 baths,"1,218",Pets welcome,(877) 408-8372,https://ssl.cdn-redfin.com/photo/rent/368e2d32-caab-437b-b251-42662ff411f6/islphoto/genIsl.0_2.jpg,https://www.redfin.com/PA/Pittsburgh/536-Burton-Dr-15235/home/74637191
"$2,750/mo","708 Plaza Dr, Pittsburgh, PA 15236",3 beds,2.5 baths,"1,800",Pets welcome,(412) 334-0536,https://ssl.cdn-redfin.com/photo/rent/ecb27161-bedc-4556-9d3a-dfdcd4cdcca7/islphoto/genIsl.0_1.jpg,https://www.redfin.com/PA/Pittsburgh/708-Plaza-Dr-15236/home/174715728
"$1,144+/mo","Bedford Hill Apartments | 2524 Bedford, Pittsburgh, PA 15219",2-3 beds,1 bath,"809-1,297",Pets welcome,(412) 784-6668,https://ssl.cdn-redfin.com/photo/rent/067a1766-ac94-4091-a539-28e9de32007d/islphoto/genIsl.0_1.jpg,https://www.redfin.com/PA/Pittsburgh/2524-Bedford-15219/home/147581864
"$1,365/mo","1922 Sarah St, Pittsburgh, PA 15203",2 beds,2 baths,"1,624",Pets welcome,(412) 569-8073,https://ssl.cdn-redfin.com/photo/rent/f78e2a6d-d0dc-4258-8ce5-4bfe8748cdfe/islphoto/genIsl.0_9.jpg,https://www.redfin.com/PA/Pittsburgh/1922-Sarah-St-15203/home/74478837
"$1,900/mo","1917 Mary St, Pittsburgh, PA 15203",3 beds,2 baths,—,Laundry in unit,(412) 431-1718,https://ssl.cdn-redfin.com/photo/rent/7beb2e1c-58de-4286-8f13-603bd3390e1c/islphoto/genIsl.0_1.jpg,https://www.redfin.com/PA/Pittsburgh/1917-Mary-St-15203/home/74478820
"$1,399/mo","615 Danbury St, Pittsburgh, PA 15214",2 beds,1.5 baths,"1,000",Laundry in unit,(412) 407-2305,https://ssl.cdn-redfin.com/photo/rent/e6f67a74-3fff-4d47-b39c-c1bb77e84af5/islphoto/genIsl.0_1.jpg,https://www.redfin.com/PA/Pittsburgh/615-Danbury-St-15214/home/73553046
$995/mo,"1913 Larkins Way, Pittsburgh, PA 15203",1 bed,1 bath,900,Walker's paradise,(412) 945-0301,https://ssl.cdn-redfin.com/photo/rent/db75f834-2637-47ba-8e01-50e2af82064a/islphoto/genIsl.0_1.jpg,https://www.redfin.com/PA/Pittsburgh/1913-Larkins-Way-15203/home/74478786
"$1,425/mo","131 S 17th St, Pittsburgh, PA 15203",1 bed,1 bath,"2,192",Pets welcome,(724) 933-6300,https://ssl.cdn-redfin.com/photo/rent/47a3472a-2bde-4927-a28c-4a5e2351f115/islphoto/genIsl.0_1.jpg,https://www.redfin.com/PA/Pittsburgh/131-S-17th-St-15203/home/74478628
"$1,400/mo","324 Moore Ave, Pittsburgh, PA 15210",2 beds,1.5 baths,"1,701",Somewhat walkable,(512) 320-0888,https://ssl.cdn-redfin.com/photo/rent/1fd44fb4-ea3a-4ce8-83bb-b6d52d77a533/islphoto/genIsl.4_3.jpg,https://www.redfin.com/PA/Pittsburgh/324-Moore-Ave-15210/home/73550111
"$2,400/mo","6926 Bishop St, Pittsburgh, PA 15206",2 beds,2 baths,"1,240",Laundry in unit,(412) 367-8000,https://ssl.cdn-redfin.com/photo/rent/28ba571b-85bb-4f5e-a80f-7bcd4e6bd453/islphoto/genIsl.0_1.jpg,https://www.redfin.com/PA/Pittsburgh/6926-Bishop-St-15206/home/73517613
"$2,300/mo","1910 Fox Way, Pittsburgh, PA 15203",3 beds,2 baths,"1,200",A/C,(412) 631-3100,https://ssl.cdn-redfin.com/photo/rent/8d602e22-dbf1-474d-94e7-9eeeac25b482/islphoto/genIsl.0_1.jpg,https://www.redfin.com/PA/Pittsburgh/1910-Fox-Way-15203/home/74478560
"$2,826/mo","66 S 17th St, Pittsburgh, PA 15203",4 beds,2 baths,—,Dishwasher,(412) 904-1083,https://ssl.cdn-redfin.com/photo/rent/e6c5324f-e779-4683-baba-23c31f70495d/islphoto/genIsl.0_1.jpg,https://www.redfin.com/PA/Pittsburgh/66-S-17th-St-15203/home/74478208
"$1,525/mo","3180 McRoberts Rd, Pittsburgh, PA 15234",3 beds,1.5 baths,"1,351",Laundry in unit,(724) 733-7100,https://ssl.cdn-redfin.com/photo/rent/6ef84545-9e49-4ca2-8b14-23225721eb92/islphoto/genIsl.0_1.jpg,https://www.redfin.com/PA/Pittsburgh/3180-McRoberts-Rd-15234/home/73546269
"$2,400/mo","52 S 18th St, Pittsburgh, PA 15203",3 beds,1.5 baths,"1,850",Laundry in unit,(724) 317-7890,https://ssl.cdn-redfin.com/photo/rent/5c71c216-6060-49c6-81e0-069f294a3a4a/islphoto/genIsl.0_2.jpg,https://www.redfin.com/PA/Pittsburgh/52-S-18th-St-15203/home/74478136
"$2,350/mo","1655 Beechwood Blvd, Pittsburgh, PA 15217",4 beds,2 baths,"2,027",Pets welcome,(412) 521-2222,https://ssl.cdn-redfin.com/photo/rent/cc0105df-f051-4c80-a5e9-fcd3f0f5852b/islphoto/genIsl.0_1.jpg,https://www.redfin.com/PA/Pittsburgh/1655-Beechwood-Blvd-15217/home/74477190
"$2,275/mo","106 Oesterle Ln, Pittsburgh, PA 15214",3 beds,2 baths,"1,781",Pets welcome,(888) 659-9596,https://ssl.cdn-redfin.com/photo/rent/724a0087-4e47-405d-8997-33e04468faa9/islphoto/genIsl.0_1.jpg,https://www.redfin.com/PA/Pittsburgh/106-Oesterle-Ln-15214/home/73544542
"$1,100/mo","1816 Perrott Ave, Pittsburgh, PA 15212",2 beds,1 bath,"1,000",Somewhat walkable,(412) 407-2305,https://ssl.cdn-redfin.com/photo/rent/9ed90c2d-0867-46e4-ad6e-c26ee826b7ba/islphoto/genIsl.0_1.jpg,https://www.redfin.com/PA/Pittsburgh/1816-Perrott-Ave-15212/home/73517111
$895/mo,"1235 Woodland Ave, Pittsburgh, PA 15212",2 beds,1 bath,—,Somewhat walkable,(412) 520-8090,https://ssl.cdn-redfin.com/photo/rent/6e1b1599-481a-442c-b6d3-a7108fdd5d5d/islphoto/genIsl.0_1.jpg,https://www.redfin.com/PA/Pittsburgh/1235-Woodland-Ave-15212/home/73505015
"$2,600/mo","6632 Wilkins Ave, Pittsburgh, PA 15217",4 beds,2 baths,"1,680",Laundry in unit,(724) 934-3400,https://ssl.cdn-redfin.com/photo/rent/9d5690bb-9ad5-4be1-8eda-f71512ef9e5d/islphoto/genIsl.0_1.jpg,https://www.redfin.com/PA/Pittsburgh/6632-Wilkins-Ave-15217/home/74476242
"$3,000/mo","151 Meadow St, East Liberty, PA 15206",3 beds,3 baths,"1,658",Laundry in unit,(412) 521-2222,https://ssl.cdn-redfin.com/photo/rent/e40eedca-de30-4d73-953b-db5d94ba145a/islphoto/genIsl.0_1.jpg,https://www.redfin.com/PA/East-Liberty/151-Meadow-St-15206/home/74474345
"$2,500/mo","144 Ruth St, Pittsburgh, PA 15211",5 beds,2 baths,"1,895",Pets welcome,(412) 440-8939,https://ssl.cdn-redfin.com/photo/rent/1e58144b-f936-4863-8976-153febcf87e8/islphoto/genIsl.0_1.jpg,https://www.redfin.com/PA/Pittsburgh/144-Ruth-St-15211/home/73544047
"$2,500/mo","149 Meadow St, East Liberty, PA 15206",3 beds,3 baths,—,Very walkable,(412) 431-1718,https://ssl.cdn-redfin.com/photo/rent/641715bc-5d5e-439c-9b81-f2b2a41c01b6/islphoto/genIsl.0_1.jpg,https://www.redfin.com/PA/East-Liberty/149-Meadow-St-15206/home/74474343
"$1,450/mo","140 Carver St, Pittsburgh, PA 15206",3 beds,1 bath,—,Dishwasher,(412) 361-8290,https://ssl.cdn-redfin.com/photo/rent/f12eb56c-a193-42b5-9870-0bc1687399e9/islphoto/genIsl.0_1.jpg,https://www.redfin.com/PA/Pittsburgh/140-Carver-St-15206/home/74474262
"$1,595/mo","40 Sharon St, Pittsburgh, PA 15210",3 beds,1 bath,"1,320",Pets welcome,(888) 659-9596,https://ssl.cdn-redfin.com/photo/rent/80371490-c2e9-45a7-b8c0-ceee5d35ec87/islphoto/genIsl.0_6.jpg,https://www.redfin.com/PA/Pittsburgh/40-Sharon-St-15210/home/73543450
"$1,125/mo","778 Locust Ridge Dr, Pittsburgh, PA 15209",2 beds,1 bath,—,A/C,(412) 821-3355,https://ssl.cdn-redfin.com/photo/rent/6999bb9d-5127-42a5-9a3d-129f85039f1b/islphoto/genIsl.0_1.jpg,https://www.redfin.com/PA/Pittsburgh/778-Locust-Ridge-Dr-15209/home/73516964
"$1,495/mo","6615 Jackson St, Pittsburgh, PA 15206",3 beds,1 bath,"1,200",Car-dependent,(724) 744-1777,https://ssl.cdn-redfin.com/photo/rent/1ae72240-feef-444a-8460-3e62d3d5e1b8/islphoto/genIsl.0_1.jpg,https://www.redfin.com/PA/Pittsburgh/6615-Jackson-St-15206/home/74472580
"$2,350/mo","1019 Winterton St, Pittsburgh, PA 15206",3 beds,2.5 baths,—,Somewhat walkable,(412) 567-8345,https://ssl.cdn-redfin.com/photo/rent/cd4096c6-1c98-44e1-897d-46b4cdf5e110/islphoto/genIsl.0_1.jpg,https://www.redfin.com/PA/Pittsburgh/1019-Winterton-St-15206/home/74472512
"$1,495/mo","2111 Spring St, Pittsburgh, PA 15210",3 beds,2 baths,"1,500",Dogs welcome,(724) 884-6076,https://ssl.cdn-redfin.com/photo/rent/710e8164-9f9c-4d79-8ecc-570963c26e33/islphoto/genIsl.0_1.jpg,https://www.redfin.com/PA/Pittsburgh/2111-Spring-St-15210/home/73543265
"$1,475/mo","115 Emerson Ave, Pittsburgh, PA 15215",2 beds,1 bath,—,Very walkable,(412) 609-5063,https://ssl.cdn-redfin.com/photo/rent/7b3360b6-a9f9-4a61-885f-1336fb7361ce/islphoto/genIsl.0_1.jpg,https://www.redfin.com/PA/Pittsburgh/115-Emerson-Ave-15215/apartment/74471535
"$2,450/mo","4606 Allied Way, Pittsburgh, PA 15201",2 beds,2 baths,960,Pets welcome,(412) 487-3200,https://ssl.cdn-redfin.com/photo/rent/cf5e0c2e-5f15-4f83-8575-42847cbe4e20/islphoto/genIsl.0_1.jpg,https://www.redfin.com/PA/Pittsburgh/4606-Allied-Way-15201/home/74467145
"$3,150/mo","525 S Lang Ave, Pittsburgh, PA 15208",4 beds,1.5 baths,"1,820",Pets welcome,(412) 307-7394,https://ssl.cdn-redfin.com/photo/rent/dca452ea-4513-40cf-9075-9ea9491ad2e0/islphoto/genIsl.0_1.jpg,https://www.redfin.com/PA/Pittsburgh/525-S-Lang-Ave-15208/home/73541903
"$2,950/mo","151 Fort Pitt Blvd #1106, Pittsburgh, PA 15222",2 beds,1.5 baths,"1,434",Laundry in unit,(412) 561-7400,https://ssl.cdn-redfin.com/photo/rent/f62ea938-4d81-46c2-87d2-7042fe589363/islphoto/genIsl.0_1.jpg,https://www.redfin.com/PA/Pittsburgh/151-Fort-Pitt-Blvd-15222/unit-1106/home/73515112
"$2,750/mo","1107 Sarah St, Pittsburgh, PA 15203",3 beds,2 baths,—,Parking,(412) 264-8300,https://ssl.cdn-redfin.com/photo/rent/51ccb32a-83ba-4cd5-a1e0-c3eca230cae0/islphoto/genIsl.0_4.jpg,https://www.redfin.com/PA/Pittsburgh/1107-Sarah-St-15203/home/73504125
"$1,950/mo","71 Woody Crest Dr, Pittsburgh, PA 15234",3 beds,3 baths,"1,600",Pets welcome,(415) 529-0048,https://ssl.cdn-redfin.com/photo/rent/afbb98dd-fa8a-45ca-a521-977d9aa70d55/islphoto/genIsl.0_1.jpg,https://www.redfin.com/PA/Pittsburgh/71-Woody-Crest-Dr-15234/home/73497873
"$3,600/mo","2519 Allequippa St, Pittsburgh, PA 15213",5 beds,2 baths,—,A/C,(412) 567-3945,https://ssl.cdn-redfin.com/photo/rent/c271a8f4-d6de-4a4f-ba35-4abf8d23b493/islphoto/genIsl.0_1.jpg,https://www.redfin.com/PA/Pittsburgh/2519-Allequippa-St-15213/home/74465968
"$1,175/mo","108 Locust Ridge Dr, Pittsburgh, PA 15209",2 beds,1 bath,—,A/C,(412) 821-3355,https://ssl.cdn-redfin.com/photo/rent/4d1110b2-58f2-434b-8a2e-d3df8f3a26f3/islphoto/genIsl.0_1.jpg,https://www.redfin.com/PA/Pittsburgh/108-Locust-Ridge-Dr-15209/home/74465362
"$1,800/mo","5422 Keystone St, Pittsburgh, PA 15201",2 beds,1 bath,"1,229",Somewhat walkable,(724) 505-2673,https://ssl.cdn-redfin.com/photo/rent/dbaa2e12-0c3b-4ee7-8516-1f7e9639d5fa/islphoto/genIsl.0_1.jpg,https://www.redfin.com/PA/Pittsburgh/5422-Keystone-St-15201/home/73541135
"$2,000/mo","27 Bonvue St, Pittsburgh, PA 15214",4 beds,2 baths,"1,707",A/C,(412) 330-9755,https://ssl.cdn-redfin.com/photo/rent/b8c9e939-b19e-4a18-ae4b-86869debefd2/islphoto/genIsl.0_1.jpg,https://www.redfin.com/PA/Pittsburgh/27-Bonvue-St-15214/home/74463116
"$1,425/mo","4016 Vinceton St, Pittsburgh, PA 15214",3 beds,1 bath,"1,800",Laundry in unit,(412) 339-0216,https://ssl.cdn-redfin.com/photo/rent/50777ff1-807e-4d1d-a0f4-163482812f5f/islphoto/genIsl.0_1.jpg,https://www.redfin.com/PA/Pittsburgh/4016-Vinceton-St-15214/home/74462791
"$1,250/mo","1707 Locust St, Pittsburgh, PA 15219",2 beds,1 bath,—,Pets welcome,(412) 262-4630,https://ssl.cdn-redfin.com/photo/rent/a675223c-236d-4af2-a6ec-ce639efc1ff8/islphoto/genIsl.0_2.jpg,https://www.redfin.com/PA/Pittsburgh/1707-Locust-St-15219/home/73541001
"$1,910/mo","1432 Park Blvd, Pittsburgh, PA 15216",3 beds,1 bath,"1,243",Pets welcome,(888) 659-9596,https://ssl.cdn-redfin.com/photo/rent/ef006966-b2f7-45bd-a99b-9f1e2a7a0636/islphoto/genIsl.0_1.jpg,https://www.redfin.com/PA/Pittsburgh/1432-Park-Blvd-15216/home/73511303
"$1,575/mo","1229 Benton Ave, Pittsburgh, PA 15212",5 beds,2 baths,"2,100",Somewhat walkable,(914) 432-9962,https://ssl.cdn-redfin.com/photo/rent/db9b8977-385d-447b-b56f-bd05b29d959a/islphoto/genIsl.0_1.jpg,https://www.redfin.com/PA/Pittsburgh/1229-Benton-Ave-15212/home/74462650
"$1,425/mo","2917 Homehurst Ave, Pittsburgh, PA 15234",3 beds,2 baths,—,A/C,(412) 531-1500,https://ssl.cdn-redfin.com/photo/rent/67444853-d05a-4c65-a8d9-c5a0b5650e51/islphoto/genIsl.0_1.jpg,https://www.redfin.com/PA/Pittsburgh/2917-Homehurst-Ave-15234/home/74528272
"$1,650/mo","1709 Locust St, Pittsburgh, PA 15219",4 beds,2 baths,—,Pets welcome,(412) 262-4630,https://ssl.cdn-redfin.com/photo/rent/05411b4f-0cf2-4a4f-ad0b-4ba7040f1cd7/islphoto/genIsl.0_1.jpg,https://www.redfin.com/PA/Pittsburgh/1709-Locust-St-15219/home/73540999
"$1,200/mo","171 Lincoln Ave, Pittsburgh, PA 15202",1 bed,1 bath,"2,590",Laundry in unit,(412) 939-7653,https://ssl.cdn-redfin.com/photo/rent/cd920967-0b56-44e1-a251-81316a1a987e/islphoto/genIsl.0_1.jpg,https://www.redfin.com/PA/Pittsburgh/171-Lincoln-Ave-15202/home/74461749
$950/mo,"117 Crawford Ave, Pittsburgh, PA 15202",1 bed,1 bath,700,Car-dependent,(412) 904-1083,https://ssl.cdn-redfin.com/photo/rent/08c7c641-74cb-441a-9068-3a96932fb1a2/islphoto/genIsl.0_1.jpg,https://www.redfin.com/PA/Pittsburgh/117-Crawford-Ave-15202/apartment/74461127
"$2,395/mo","318 Lavina Ave, Pittsburgh, PA 15216",5 beds,2 baths,"2,400",A/C,(412) 407-2305,https://ssl.cdn-redfin.com/photo/rent/5a61f642-2d6c-4972-8e18-3d81a9ec3cf9/islphoto/genIsl.0_1.jpg,https://www.redfin.com/PA/Pittsburgh/318-Lavina-Ave-15216/home/73535030
"$1,250/mo","93 Briggs St, Pittsburgh, PA 15234",3 beds,2 baths,"1,120",Pets welcome,(412) 385-2300,https://ssl.cdn-redfin.com/photo/rent/82b10af3-bf8e-4435-b957-0c4099e6a42b/islphoto/genIsl.0_1.jpg,https://www.redfin.com/PA/Pittsburgh/93-Briggs-St-15234/home/73511181
"$1,295/mo","410 Hays Ave, Pittsburgh, PA 15210",4 beds,2 baths,"2,060",Very walkable,(412) 407-2305,https://ssl.cdn-redfin.com/photo/rent/48f4f791-ec72-47c5-9d4e-200c3852a518/islphoto/genIsl.0_1.jpg,https://www.redfin.com/PA/Pittsburgh/410-Hays-Ave-15210/home/73502125
"$2,000/mo","5722 Cox Ave, Pittsburgh, PA 15207",3 beds,2 baths,—,Dishwasher,(412) 665-0500,https://ssl.cdn-redfin.com/photo/rent/fb848887-edb9-48f6-92ce-6c4d87061ce7/islphoto/genIsl.0_1.jpg,https://www.redfin.com/PA/Pittsburgh/5722-Cox-Ave-15207/home/74524859
"$1,200/mo","2061 Mazette Pl, Pittsburgh, PA 15205",3 beds,1 bath,962,Car-dependent,(412) 330-9755,https://ssl.cdn-redfin.com/photo/rent/fe14fcae-54de-4615-9efe-40f621d104cb/islphoto/genIsl.0_2.jpg,https://www.redfin.com/PA/Pittsburgh/2061-Mazette-Pl-15205/home/74456278
"$1,200/mo","7341 Burton St, Pittsburgh, PA 15218",3 beds,1 bath,"1,456",Parking,(724) 733-7100,https://ssl.cdn-redfin.com/photo/rent/68222402-c7d3-4941-b8b9-166be1872eae/islphoto/genIsl.0_1.jpg,https://www.redfin.com/PA/Pittsburgh/7341-Burton-St-15218/home/74520041
"$1,200/mo","7711 Westmoreland Ave, Pittsburgh, PA 15218",2 beds,1 bath,—,Very walkable,(412) 572-1490,https://ssl.cdn-redfin.com/photo/rent/1d7746ee-52d7-4a9f-a3f7-21c54a007a7a/islphoto/genIsl.0_1.jpg,https://www.redfin.com/PA/Pittsburgh/7711-Westmoreland-Ave-15218/home/74519437
"$2,500/mo","390 Pine Creek Rd, Wexford, PA 15090",3 beds,1.5 baths,"1,400",Car-dependent,(412) 660-2827,https://ssl.cdn-redfin.com/photo/rent/00d25809-6470-44cd-a0bc-365472abbc99/islphoto/genIsl.0_1.jpg,https://www.redfin.com/PA/Wexford/390-Pine-Creek-Rd-15090/home/74455453
"$1,050/mo","7474 McClure Ave, Pittsburgh, PA 15218",2 beds,1 bath,700,Very walkable,(412) 339-0655,https://ssl.cdn-redfin.com/photo/rent/0625a08f-135c-4888-8ab6-f39c02264a68/islphoto/genIsl.0_1.jpg,https://www.redfin.com/PA/Pittsburgh/7474-McClure-Ave-15218/home/74519290
$944/mo,"1907 Delaware Ave, Pittsburgh, PA 15218",1 bed,1 bath,—,Very walkable,(724) 864-5916,https://ssl.cdn-redfin.com/photo/rent/8655c9fe-9432-41dc-805a-cd72938a6d57/islphoto/genIsl.0_2.jpg,https://www.redfin.com/PA/Pittsburgh/1907-Delaware-Ave-15218/apartment/74519097
"$1,195/mo","247 Conson Rd, Pittsburgh, PA 15227",3 beds,1 bath,"1,014",Car-dependent,(412) 223-6118,https://ssl.cdn-redfin.com/photo/rent/bff8f00e-559b-4238-a096-660b51cf22f9/islphoto/genIsl.0_2.jpg,https://www.redfin.com/PA/Pittsburgh/247-Conson-Rd-15227/home/74525885
"$1,350/mo","3816 Hilpert St, Pittsburgh, PA 15227",3 beds,1 bath,"1,200",Dishwasher,(412) 339-0655,https://ssl.cdn-redfin.com/photo/rent/ade58fae-9968-483b-bddb-16e68144a0ea/islphoto/genIsl.0_1.jpg,https://www.redfin.com/PA/Pittsburgh/3816-Hilpert-St-15227/home/74526137
"$1,850/mo","566 Thorncliffe Dr, Pittsburgh, PA 15205",2 beds,2.5 baths,—,Car-dependent,(412) 754-5588,https://ssl.cdn-redfin.com/photo/rent/568151ae-51cd-4301-acb9-434606f451e1/islphoto/genIsl.0_1.jpg,https://www.redfin.com/PA/Pittsburgh/566-Thorncliffe-Dr-15205/home/74454569
"$1,425/mo","2907 Belleville St, Pittsburgh, PA 15234",3 beds,1.5 baths,—,Laundry in unit,(412) 367-3200,https://ssl.cdn-redfin.com/photo/rent/f400f886-bcd5-4c84-836a-8427c6c1233e/islphoto/genIsl.0_1.jpg,https://www.redfin.com/PA/Pittsburgh/2907-Belleville-St-15234/home/74528186
"$1,650/mo","7806 Union Ave, Pittsburgh, PA 15218",3 beds,2.5 baths,"1,176",Laundry in unit,(724) 933-6300,https://ssl.cdn-redfin.com/photo/rent/69b54b52-f588-4126-b190-5ff3b2b1e883/islphoto/genIsl.0_1.jpg,https://www.redfin.com/PA/Pittsburgh/7806-Union-Ave-15218/home/74519062
$900/mo,"7328 Whipple St, Pittsburgh, PA 15218",1 bed,1 bath,—,Very walkable,(412) 431-1718,https://ssl.cdn-redfin.com/photo/rent/c3fe41ae-8dd4-4a45-a92b-f1e6124960a6/islphoto/genIsl.0_1.jpg,https://www.redfin.com/PA/Pittsburgh/7328-Whipple-St-15218/home/74518733
"$4,750/mo","151 Fort Pitt Blvd #1601, Pittsburgh, PA 15222",1 bed,2 baths,"1,307",Laundry in unit,(412) 471-4900,https://ssl.cdn-redfin.com/photo/rent/8ff2a76c-fbe2-466b-97c1-ea22666ef7e1/islphoto/genIsl.0_1.jpg,https://www.redfin.com/PA/Pittsburgh/151-Fort-Pitt-Blvd-15222/unit-1601/home/74445212
"$1,645/mo","835 Fordham Ave, Pittsburgh, PA 15226",3 beds,2 baths,"1,240",Pets welcome,(412) 569-8073,https://ssl.cdn-redfin.com/photo/rent/1ec1e723-a93b-4a7a-90df-33b76e82ba0f/islphoto/genIsl.0_2.jpg,https://www.redfin.com/PA/Pittsburgh/835-Fordham-Ave-15226/home/73510931
"$2,250/mo","239 Shadyhill Rd, Pittsburgh, PA 15205",4 beds,2.5 baths,"1,800",Dishwasher,(954) 245-9208,https://ssl.cdn-redfin.com/photo/rent/0201377f-edd5-4b8a-917a-8ba38886feaa/islphoto/genIsl.0_1.jpg,https://www.redfin.com/PA/Pittsburgh/239-Shadyhill-Rd-15205/home/74532948
"$2,300/mo","1618 Westchester St, Pittsburgh, PA 15220",4 beds,2 baths,"1,180",Pets welcome,(412) 262-4630,https://ssl.cdn-redfin.com/photo/rent/e4a29192-5e06-444e-8be1-869e2cdea7ed/islphoto/genIsl.0_2.jpg,https://www.redfin.com/PA/Pittsburgh/1618-Westchester-St-15220/home/74533031
"$1,750/mo","168 Amabell St, Pittsburgh, PA 15211",2 beds,1 bath,"1,432",A/C,(412) 904-1083,https://ssl.cdn-redfin.com/photo/rent/ec9069fb-fa92-4a23-bec9-ba0325fc9a01/islphoto/genIsl.0_1.jpg,https://www.redfin.com/PA/Pittsburgh/168-Amabell-St-15211/home/74533274
"$3,400/mo","527 Grandview Ave, Pittsburgh, PA 15211",3 beds,2.5 baths,"2,438",Parking,(412) 421-9120,https://ssl.cdn-redfin.com/photo/rent/bcb04a97-ff94-4fc3-8b0b-426a4bd6976d/islphoto/genIsl.0_1.jpg,https://www.redfin.com/PA/Pittsburgh/527-Grandview-Ave-15211/home/74533329
$955/mo,"418 Whitney Ave, Pittsburgh, PA 15221",0 beds,1 bath,—,Somewhat walkable,(412) 242-0273,https://ssl.cdn-redfin.com/photo/rent/edc6f011-db13-48ce-a22d-2cda918575be/islphoto/genIsl.0_1.jpg,https://www.redfin.com/PA/Pittsburgh/418-Whitney-Ave-15221/apartment/74517456
"$1,395/mo","201 Stanwix St, Pittsburgh, PA 15222",2 beds,2 baths,—,Pets welcome,(888) 397-7352,https://ssl.cdn-redfin.com/photo/rent/bce001ad-f8c8-4eed-b780-b7a0c1d6e2f3/islphoto/genIsl.0_1.jpg,https://www.redfin.com/PA/Pittsburgh/201-Stanwix-St-15222/apartment/74533404
"$1,000/mo","320 Fort Duquesne Blvd Unit 18N, Pittsburgh, PA 15222",1 bed,1 bath,"1,033",Laundry in unit,N/A,https://ssl.cdn-redfin.com/photo/rent/12c897bc-151a-4f0c-b82b-49ffbe13c8ea/islphoto/genIsl.4_7.jpg,https://www.redfin.com/PA/Pittsburgh/320-Fort-Duquesne-Blvd-15222/unit-18N/home/74533453
"$1,650/mo","1227 Crucible St, Pittsburgh, PA 15220",3 beds,1 bath,"1,872",Parking,(412) 500-9350,https://ssl.cdn-redfin.com/photo/rent/4a92c14f-9f40-4a30-9631-35e88cb7ea69/islphoto/genIsl.0_1.jpg,https://www.redfin.com/PA/Pittsburgh/1227-Crucible-St-15220/home/74535469
"$1,200/mo","1020 Uvilla St, Pittsburgh, PA 15220",2 beds,1 bath,"1,000",Car-dependent,(724) 505-2673,https://ssl.cdn-redfin.com/photo/rent/0aa3a0f9-c5d7-4481-8b9b-d1d07eb86fe4/islphoto/genIsl.0_1.jpg,https://www.redfin.com/PA/Pittsburgh/1020-Uvilla-St-15220/home/74535520
"$1,595/mo","816 Chartiers Ave, Pittsburgh, PA 15220",2 beds,1.5 baths,"1,606",Pets welcome,(724) 733-7100,https://ssl.cdn-redfin.com/photo/rent/ebafc780-3b87-42b4-b422-17d6e324b353/islphoto/genIsl.0_1.jpg,https://www.redfin.com/PA/Pittsburgh/816-Chartiers-Ave-15220/home/74535707
"$1,695/mo","610 Center St, Pittsburgh, PA 15221",5 beds,1 bath,"2,253",Pets welcome,(724) 933-6300,https://ssl.cdn-redfin.com/photo/rent/093b0507-24fb-47cf-9ee4-c683998ccdf2/islphoto/genIsl.0_1.jpg,https://www.redfin.com/PA/Pittsburgh/610-Center-St-15221/home/74517029
"$1,225/mo","189 Wible Run Rd, Pittsburgh, PA 15209",2 beds,1 bath,—,Car-dependent,(412) 821-3355,https://ssl.cdn-redfin.com/photo/rent/ae848da1-ed3f-4faa-b337-dcf5cee2bf0e/islphoto/genIsl.0_1.jpg,https://www.redfin.com/PA/Pittsburgh/189-Wible-Run-Rd-15209/home/74539802
"$2,650/mo","151 Fort Pitt Blvd #902, Pittsburgh, PA 15222",1 bed,1.5 baths,"1,107",Parking,(412) 363-4000,https://ssl.cdn-redfin.com/photo/rent/b3a39e56-56f8-4947-ae76-7022519aec16/islphoto/genIsl.0_1.jpg,https://www.redfin.com/PA/Pittsburgh/151-Fort-Pitt-Blvd-15222/unit-902/home/74445186
"$1,500/mo","8612 Oakcrest Rd, Pittsburgh, PA 15235",2 beds,2 baths,—,Dishwasher,(717) 707-7079,https://ssl.cdn-redfin.com/photo/rent/00acc182-aa84-498d-8fa4-674cef4aab06/islphoto/genIsl.0_2.jpg,https://www.redfin.com/PA/Pittsburgh/8612-Oakcrest-Rd-15235/home/74543453
"$1,600/mo","1922 Remington Dr, Pittsburgh, PA 15221",3 beds,1.5 baths,"1,605",Pets welcome,(412) 366-1600,https://ssl.cdn-redfin.com/photo/rent/e257e5f7-6bb3-427c-a310-cf98175c556d/islphoto/genIsl.0_2.jpg,https://www.redfin.com/PA/Pittsburgh/1922-Remington-Dr-15221/home/74544538
"$1,000/mo","1711 Montier St, Pittsburgh, PA 15221",2 beds,1 bath,—,Car-dependent,(412) 533-3358,https://ssl.cdn-redfin.com/photo/rent/6b99b9c0-785b-4d41-997b-dd2781d59271/islphoto/genIsl.0_1.jpg,https://www.redfin.com/PA/Pittsburgh/1711-Montier-St-15221/home/74545081
$915/mo,"1208 Center St, Pittsburgh, PA 15221",2 beds,1 bath,900,Very walkable,(412) 819-5966,https://ssl.cdn-redfin.com/photo/rent/2ddac167-6ee9-44d3-aa80-b95ed029ceb9/islphoto/genIsl.0_1.jpg,https://www.redfin.com/PA/Pittsburgh/1208-Center-St-15221/home/74545147
$690/mo,"Flats on Penn | 7500 Penn Ave, Pittsburgh, PA 15208",0 beds,1 bath,—,Available 01/01,(412) 910-7274,https://ssl.cdn-redfin.com/photo/rent/f15cf2ca-32bd-4765-a4b8-1f65e76f87fa/islphoto/genIsl.0_4.jpg,https://www.redfin.com/PA/Pittsburgh/Flats-on-Penn/apartment/74515737
"$1,500/mo","1366 Woodlawn Ave, Pittsburgh, PA 15221",4 beds,1 bath,"1,314",Car-dependent,(412) 533-3358,https://ssl.cdn-redfin.com/photo/rent/628235c1-6a37-4e78-ba42-d3a7ec834d81/islphoto/genIsl.0_1.jpg,https://www.redfin.com/PA/Pittsburgh/1366-Woodlawn-Ave-15221/home/74546052
"$1,250/mo","1231 Morrow St, Pittsburgh, PA 15221",3 beds,1 bath,"1,260",Somewhat walkable,(412) 593-6764,https://ssl.cdn-redfin.com/photo/rent/944020ca-5e02-46ca-b66f-daee0576a409/islphoto/genIsl.0_1.jpg,https://www.redfin.com/PA/Pittsburgh/1231-Morrow-St-15221/home/74546152
"$1,400/mo","1114 Jane St, Pittsburgh, PA 15221",4 beds,1 bath,—,Somewhat walkable,(412) 519-0972,https://ssl.cdn-redfin.com/photo/rent/a30a6cb5-a7e5-448c-b2c3-6e3cddda7be9/islphoto/genIsl.0_1.jpg,https://www.redfin.com/PA/Pittsburgh/1114-Jane-St-15221/home/74546271
"$1,395/mo","1372 Traymore Ave, Pittsburgh, PA 15221",3 beds,1 bath,"1,288",Laundry in unit,(412) 419-3980,https://ssl.cdn-redfin.com/photo/rent/9987e23f-c09b-4633-8d48-aded6ab636e3/islphoto/genIsl.0_1.jpg,https://www.redfin.com/PA/Pittsburgh/1372-Traymore-Ave-15221/home/74546572
"$1,595/mo","2248 Lehigh St, Pittsburgh, PA 15218",4 beds,2 baths,"1,318",Laundry in unit,(412) 407-2305,https://ssl.cdn-redfin.com/photo/rent/b96a9f04-2928-4009-87ff-d50269692de4/islphoto/genIsl.0_1.jpg,https://www.redfin.com/PA/Pittsburgh/2248-Lehigh-St-15218/home/74546952
$995/mo,"7903 Lloyd Ave, Pittsburgh, PA 15218",2 beds,1 bath,"1,280",Somewhat walkable,(724) 744-1777,https://ssl.cdn-redfin.com/photo/rent/6914fc80-340a-4a16-aa30-a28e6d51aaee/islphoto/genIsl.0_2.jpg,https://www.redfin.com/PA/Pittsburgh/7903-Lloyd-Ave-15218/home/74547651
"$1,400/mo","2439 S Braddock Ave, Pittsburgh, PA 15218",3 beds,1 bath,"1,608",Somewhat walkable,(412) 339-0655,https://ssl.cdn-redfin.com/photo/rent/8e852ee4-f4df-4af4-b400-150648047454/islphoto/genIsl.0_1.jpg,https://www.redfin.com/PA/Pittsburgh/2439-S-Braddock-Ave-15218/home/74548412
"$1,895/mo","1500 Boyle St, Pittsburgh, PA 15212",3 beds,2 baths,"1,958",Very walkable,(412) 904-1083,https://ssl.cdn-redfin.com/photo/rent/9b2b2343-2b8c-48bc-afa4-4c1d22c2770b/islphoto/genIsl.0_1.jpg,https://www.redfin.com/PA/Pittsburgh/1500-Boyle-St-15212/home/74551746
"$1,400/mo","1430 Boyle St, Pittsburgh, PA 15212",1 bed,1 bath,—,A/C,(412) 665-0500,https://ssl.cdn-redfin.com/photo/rent/11dd923a-a25d-44ca-82d8-30f82fd1874d/islphoto/genIsl.0_2.jpg,https://www.redfin.com/PA/Pittsburgh/1430-Boyle-St-15212/home/74551749
"$1,495/mo","112 W North Ave, Pittsburgh, PA 15212",2 beds,1 bath,—,Walker's paradise,(412) 426-9181,https://ssl.cdn-redfin.com/photo/rent/15adca57-a827-4674-b6df-bee3aae1a6bd/islphoto/genIsl.0_1.jpg,https://www.redfin.com/PA/Pittsburgh/112-W-North-Ave-15212/home/74552185
"$2,900/mo","107 Sampsonia Way, Pittsburgh, PA 15212",3 beds,2 baths,"2,300",Dogs welcome,(412) 983-8786,https://ssl.cdn-redfin.com/photo/rent/c8031771-dd91-4f67-8294-d0c4cc096bec/islphoto/genIsl.0_1.jpg,https://www.redfin.com/PA/Pittsburgh/107-Sampsonia-Way-15212/home/74552223
"$1,700/mo","1401 Arch St, Pittsburgh, PA 15212",2 beds,1 bath,"1,050",A/C,(724) 485-9037,https://ssl.cdn-redfin.com/photo/rent/f31ff126-96ba-41f7-9695-3bd7a37bfaa3/islphoto/genIsl.0_1.jpg,https://www.redfin.com/PA/Pittsburgh/1401-Arch-St-15212/home/74552272
$725/mo,"1309 Wood St, Pittsburgh, PA 15221",1 bed,1 bath,—,Very walkable,(412) 419-3980,https://ssl.cdn-redfin.com/photo/rent/f173451f-3e8c-4de4-a0c1-e292c5ad1369/islphoto/genIsl.0_1.jpg,https://www.redfin.com/PA/Pittsburgh/1309-Wood-St-15221/apartment/74515648
$895/mo,"714 Cedar Ave, Pittsburgh, PA 15212",1 bed,1 bath,400,Walker's paradise,(412) 321-1613,https://ssl.cdn-redfin.com/photo/rent/2d16a52b-1f9f-4b91-bab6-b990570331d0/islphoto/genIsl.0_1.jpg,https://www.redfin.com/PA/Pittsburgh/714-Cedar-Ave-15212/apartment/74552727
"$1,375/mo","1264 Grove Rd, Pittsburgh, PA 15234",3 beds,1 bath,—,Pets welcome,(412) 916-6997,https://ssl.cdn-redfin.com/photo/rent/a7435e75-4a4d-4f54-91ce-e2369ffc86db/islphoto/genIsl.0_1.jpg,https://www.redfin.com/PA/Pittsburgh/1264-Grove-Rd-15234/home/74555738
"$1,495/mo","920 Yetta Ave, Pittsburgh, PA 15212",2 beds,2.5 baths,"1,196",Laundry in unit,(724) 933-6300,https://ssl.cdn-redfin.com/photo/rent/44c0a126-64e5-400c-8e87-1c5693572e6a/islphoto/genIsl.0_1.jpg,https://www.redfin.com/PA/Pittsburgh/920-Yetta-Ave-15212/home/74556601
$800/mo,"1525 Lowrie St, Pittsburgh, PA 15212",1 bed,1 bath,845,Very walkable,(412) 339-0655,https://ssl.cdn-redfin.com/photo/rent/a93f225d-fcd8-425e-b4c8-2756c9e5d7dc/islphoto/genIsl.0_1.jpg,https://www.redfin.com/PA/Pittsburgh/1525-Lowrie-St-15212/home/74557240
"$1,820/mo","1027 Salter Way, Pittsburgh, PA 15212",2 beds,1 bath,—,Very walkable,(724) 348-9300,https://ssl.cdn-redfin.com/photo/rent/f974a267-1a59-4db5-a590-f2e61cae805d/islphoto/genIsl.0_1.jpg,https://www.redfin.com/PA/Pittsburgh/1027-Salter-Way-15212/home/74557584
$725/mo,"3995 Canal St, Pittsburgh, PA 15234",1 bed,1 bath,1,Very walkable,(412) 563-4665,https://ssl.cdn-redfin.com/photo/rent/16d0bb24-3c10-4831-b41b-052d28391046/islphoto/genIsl.0_1.jpg,https://www.redfin.com/PA/Pittsburgh/3995-Canal-St-15234/apartment/74558061
"$2,800/mo","720 Rockwood Ave, Pittsburgh, PA 15234",2 beds,1 bath,951,Pets welcome,(724) 933-6300,https://ssl.cdn-redfin.com/photo/rent/960688fc-3bf9-4c01-8930-d97ef2ba2534/islphoto/genIsl.0_2.jpg,https://www.redfin.com/PA/Pittsburgh/720-Rockwood-Ave-15234/home/74558821
"$3,650/mo","628 Arbor Ct, Pittsburgh, PA 15238",3 beds,3 baths,—,Pets welcome,(724) 934-3400,https://ssl.cdn-redfin.com/photo/rent/820a64b8-51f1-406e-afbf-c6d4fde1383b/islphoto/genIsl.0_1.jpg,https://www.redfin.com/PA/Pittsburgh/628-Arbor-Ct-15238/home/74443639
"$2,500/mo","911 Highview St, Pittsburgh, PA 15206",3 beds,1.5 baths,"1,275",Pets welcome,(724) 933-6300,https://ssl.cdn-redfin.com/photo/rent/a99eae69-98ae-4d6d-a2c6-9ec36252bb4c/islphoto/genIsl.0_1.jpg,https://www.redfin.com/PA/Pittsburgh/911-Highview-St-15206/home/73533769
"$1,700/mo","7315 Hermitage St, Pittsburgh, PA 15208",5 beds,1 bath,"1,880",Somewhat walkable,(412) 819-5966,https://ssl.cdn-redfin.com/photo/rent/5a1c1c56-3ed1-44f8-ab10-16a9cf7cb8c6/islphoto/genIsl.0_1.jpg,https://www.redfin.com/PA/Pittsburgh/7315-Hermitage-St-15208/home/74514475
"$1,350/mo","1419 Oakdene St, Pittsburgh, PA 15206",3 beds,1 bath,"1,026",Pets welcome,(412) 569-8073,https://ssl.cdn-redfin.com/photo/rent/6c7e1a51-5a67-45e7-8b5b-38cbc05d191f/islphoto/genIsl.0_6.jpg,https://www.redfin.com/PA/Pittsburgh/1419-Oakdene-St-15206/home/74514176
"$1,150/mo","115 Delafield Rd, Pittsburgh, PA 15215",1 bed,1 bath,—,Very walkable,(412) 364-3344,https://ssl.cdn-redfin.com/photo/rent/dd8aa849-c8ed-4461-9864-3e4d8814df18/islphoto/genIsl.0_1.jpg,https://www.redfin.com/PA/Pittsburgh/115-Delafield-Rd-15215/apartment/74512670
"$1,990/mo","113 Banksville Pl, Pittsburgh, PA 15220",2 beds,1.5 baths,"1,700",Car-dependent,(412) 444-4400,https://ssl.cdn-redfin.com/photo/rent/f3a70b1b-25f5-425f-9fc9-4f4106d001b9/islphoto/genIsl.0_1.jpg,https://www.redfin.com/PA/Pittsburgh/113-Banksville-Pl-15220/home/74436614
$995/mo,"5420 Stanton Ave, Pittsburgh, PA 15206",1 bed,1 bath,—,Car-dependent,(412) 426-9181,https://ssl.cdn-redfin.com/photo/rent/296bd1df-fb5d-47d2-b02f-7f15a063f93f/islphoto/genIsl.0_1.jpg,https://www.redfin.com/PA/Pittsburgh/5420-Stanton-Ave-15206/apartment/73533469
"$1,800/mo","133 Gerard Dr, Pittsburgh, PA 15209",3 beds,2 baths,—,A/C,(412) 638-4222,https://ssl.cdn-redfin.com/photo/rent/576d010a-6478-4cdd-bdba-efddffc1ff01/islphoto/genIsl.0_1.jpg,https://www.redfin.com/PA/Pittsburgh/133-Gerard-Dr-15209/home/73501202
"$1,250/mo","2023 Spring St, Pittsburgh, PA 15210",2 beds,1 bath,"1,000",Somewhat walkable,(724) 884-6076,https://ssl.cdn-redfin.com/photo/rent/019d0447-04c5-4887-806c-09dd79c80f38/islphoto/genIsl.0_1.jpg,https://www.redfin.com/PA/Pittsburgh/2023-Spring-St-15210/home/73495590
"$2,925/mo","103 S 16th St, Pittsburgh, PA 15203",3 beds,3.5 baths,"3,000",Pets welcome,(724) 933-6300,https://ssl.cdn-redfin.com/photo/rent/d3982a9b-7ee5-4da9-b3a2-f13b591cd8bc/islphoto/genIsl.0_1.jpg,https://www.redfin.com/PA/Pittsburgh/103-S-16th-St-15203/home/73494516
"$1,595/mo","1363 Fallowfield Ave, Pittsburgh, PA 15216",3 beds,1 bath,—,Somewhat walkable,(412) 407-2305,https://ssl.cdn-redfin.com/photo/rent/65fb0060-52f2-4bf1-8b69-0e5b268dfaef/islphoto/genIsl.0_1.jpg,https://www.redfin.com/PA/Pittsburgh/1363-Fallowfield-Ave-15216/home/74512445
"$1,650/mo","96 Kittanning Pike, Pittsburgh, PA 15215",3 beds,1 bath,"2,320",Pets welcome,(888) 659-9596,https://ssl.cdn-redfin.com/photo/rent/a2f11614-a9f1-44d1-b15b-49262b45aa1b/islphoto/genIsl.0_6.jpg,https://www.redfin.com/PA/Pittsburgh/96-Kittanning-Pike-15215/home/74510630
$800/mo,"599 Highland Pl, Pittsburgh, PA 15202",1 bed,1 bath,550,Car-dependent,(999) 999-9999,https://ssl.cdn-redfin.com/photo/rent/5e9fd679-a114-40f0-984f-88da51564c47/islphoto/genIsl.0_2.jpg,https://www.redfin.com/PA/Pittsburgh/599-Highland-Pl-15202/apartment/73590350
"$4,800/mo","144 Villa Dr, Pittsburgh, PA 15214",3 beds,3.5 baths,"2,175",Laundry in unit,(412) 213-8808,https://ssl.cdn-redfin.com/photo/rent/4f418fb6-01a7-4acd-9a16-71be155c2a53/islphoto/genIsl.0_1.jpg,https://www.redfin.com/PA/Pittsburgh/144-Villa-Dr-15214/home/74506851
"$2,850/mo","146 Villa Dr, Pittsburgh, PA 15214",3 beds,3.5 baths,"2,175",Laundry in unit,(412) 213-8808,https://ssl.cdn-redfin.com/photo/rent/839e059c-2bde-431e-ae0c-2a5f973c7468/islphoto/genIsl.0_2.jpg,https://www.redfin.com/PA/Pittsburgh/146-Villa-Dr-15214/home/74506850
"$1,200/mo","185 Howard St, Pittsburgh, PA 15235",2 beds,1 bath,—,Car-dependent,(724) 864-5916,https://ssl.cdn-redfin.com/photo/rent/71706ee8-40d3-4009-bc0c-d387be186c13/islphoto/genIsl.0_1.jpg,https://www.redfin.com/PA/Pittsburgh/185-Howard-St-15235/home/73590225
"$1,300/mo","5320 Natrona Way, Pittsburgh, PA 15201",2 beds,1 bath,840,Pets welcome,(888) 659-9596,https://ssl.cdn-redfin.com/photo/rent/95063ac0-6227-40df-8f9f-66cde53c2bf6/islphoto/genIsl.0_16.jpg,https://www.redfin.com/PA/Pittsburgh/5320-Natrona-Way-15201/home/73533092
"$1,850/mo","10 Penn Dr, Pittsburgh, PA 15214",3 beds,2 baths,"1,200",Laundry in unit,(724) 612-3761,https://ssl.cdn-redfin.com/photo/rent/f8d31f9b-d925-461a-9bd1-eef86ba9ebe1/islphoto/genIsl.0_1.jpg,https://www.redfin.com/PA/Pittsburgh/10-Penn-Dr-15214/home/74506531
$775/mo,"Brier Cliff Apartments | 334 Bascom Ave, Pittsburgh, PA 15214",1 bed,1 bath,650,Available 10/31,(412) 364-1146,https://ssl.cdn-redfin.com/photo/rent/4398ba31-99d1-46e3-9875-045a93ca1554/islphoto/genIsl.0_1.jpg,https://www.redfin.com/PA/Pittsburgh/Brier-Cliff-Apartments/apartment/74505878
"$1,275/mo","26 Merritt Ave, Pittsburgh, PA 15227",2 beds,1 bath,800,Somewhat walkable,(412) 819-5966,https://ssl.cdn-redfin.com/photo/rent/1c044ce9-a1fc-4162-bffc-c166947e1aff/islphoto/genIsl.0_1.jpg,https://www.redfin.com/PA/Pittsburgh/26-Merritt-Ave-15227/home/73590034
"$1,995/mo","4415 Lucerne Ave, Pittsburgh, PA 15214",4 beds,2 baths,"1,947",Pets welcome,(888) 659-9596,https://ssl.cdn-redfin.com/photo/rent/fd8bbf9a-078b-44e4-813e-93929fffda56/islphoto/genIsl.0_5.jpg,https://www.redfin.com/PA/Pittsburgh/4415-Lucerne-Ave-15214/home/74505839
"$1,395/mo","39 S Howard Ave, Pittsburgh, PA 15202",3 beds,1 bath,"1,900",Very walkable,(412) 631-3100,https://ssl.cdn-redfin.com/photo/rent/5a380f5f-6c30-437f-bff8-801d8f0a4759/islphoto/genIsl.0_1.jpg,https://www.redfin.com/PA/Pittsburgh/39-S-Howard-Ave-15202/home/74505377
"$2,100/mo","1502 Kenberma Ave, Pittsburgh, PA 15216",5 beds,2.5 baths,"2,300",A/C,(412) 203-9159,https://ssl.cdn-redfin.com/photo/rent/076c7a63-7e4f-44ac-a26f-8a4636b3d825/islphoto/genIsl.0_1.jpg,https://www.redfin.com/PA/Pittsburgh/1502-Kenberma-Ave-15216/home/73589134
"$1,200/mo","3117 Wadlow St, Pittsburgh, PA 15212",3 beds,1 bath,"1,200",Somewhat walkable,(412) 330-9755,https://ssl.cdn-redfin.com/photo/rent/ab6cce43-9bc7-4385-aa80-8733e1cc4b09/islphoto/genIsl.0_2.jpg,https://www.redfin.com/PA/Pittsburgh/3117-Wadlow-St-15212/home/73532973
$850/mo,"225 S Saint Clair St, Pittsburgh, PA 15206",1 bed,1 bath,—,Walker's paradise,(412) 665-0500,https://ssl.cdn-redfin.com/photo/rent/c69bb339-9868-41b6-a22f-91186810cf28/islphoto/genIsl.0_1.jpg,https://www.redfin.com/PA/Pittsburgh/225-S-Saint-Clair-St-15206/apartment/73509642
$850/mo,"5 E Orchard Ave, Pittsburgh, PA 15202",1 bed,1 bath,600,Laundry in unit,(412) 567-8345,https://ssl.cdn-redfin.com/photo/rent/cf686849-be13-42b6-b6a6-f2e83536586b/islphoto/genIsl.0_1.jpg,https://www.redfin.com/PA/Pittsburgh/5-E-Orchard-Ave-15202/apartment/74504857
"$2,300/mo","151 Fort Pitt Blvd #805, Pittsburgh, PA 15222",1 bed,1.5 baths,889,Pets welcome,(412) 741-2200,https://ssl.cdn-redfin.com/photo/rent/989ef8d4-8dac-4f9b-b422-306af2292d43/islphoto/genIsl.0_1.jpg,https://www.redfin.com/PA/Pittsburgh/151-Fort-Pitt-Blvd-15222/unit-805/home/73588475
"$4,500/mo","713 Clinton Pl, Pittsburgh, PA 15202",4 beds,2 baths,"1,760",Pets welcome,(412) 366-1600,https://ssl.cdn-redfin.com/photo/rent/dd85e4af-52da-4f28-9715-d490a11098a0/islphoto/genIsl.0_1.jpg,https://www.redfin.com/PA/Pittsburgh/713-Clinton-Pl-15202/home/74504739
"$1,395/mo","514 Dawson Ave, Pittsburgh, PA 15202",3 beds,1 bath,—,Very walkable,(412) 520-8090,https://ssl.cdn-redfin.com/photo/rent/984aba2d-e8bf-40f6-8fd4-6b3da8746578/islphoto/genIsl.0_1.jpg,https://www.redfin.com/PA/Pittsburgh/514-Dawson-Ave-15202/home/74504729
"$1,800/mo","306 4th Ave #904, Pittsburgh, PA 15222",2 beds,2.5 baths,"1,100",A/C,(412) 290-9671,https://ssl.cdn-redfin.com/photo/rent/dac357cc-cdb5-42f8-8605-7280996d8e0e/islphoto/genIsl.0_1.jpg,https://www.redfin.com/PA/Pittsburgh/306-4th-Ave-15222/unit-904/home/73588215
"$1,125/mo","4709 Corday Way, Pittsburgh, PA 15224",1 bed,1 bath,—,Walker's paradise,(412) 520-8090,https://ssl.cdn-redfin.com/photo/rent/64e79024-acd3-4cbc-a9c8-a4ed8c112469/islphoto/genIsl.0_1.jpg,https://www.redfin.com/PA/Pittsburgh/4709-Corday-Way-15224/home/73530037
$915/mo,"25 S Starr Ave, Pittsburgh, PA 15202",1 bed,1 bath,600,Very walkable,(412) 218-1479,https://ssl.cdn-redfin.com/photo/rent/71364ca9-0be1-4d62-8862-9d9a4245c35c/islphoto/genIsl.0_1.jpg,https://www.redfin.com/PA/Pittsburgh/25-S-Starr-Ave-15202/apartment/74504690
$950/mo,"505 Dawson Ave, Pittsburgh, PA 15202",1 bed,1 bath,700,Laundry in unit,(412) 631-3100,https://ssl.cdn-redfin.com/photo/rent/ee9e4364-ebe5-4a72-a71c-c7dea00cba38/islphoto/genIsl.0_1.jpg,https://www.redfin.com/PA/Pittsburgh/505-Dawson-Ave-15202/home/74504648
"$1,045/mo","434 Forest Ave, Pittsburgh, PA 15202",1 bed,1 bath,900,Somewhat walkable,(412) 212-7114,https://ssl.cdn-redfin.com/photo/rent/8ce7d8c9-56df-4be0-b392-b8161b7cbc84/islphoto/genIsl.0_1.jpg,https://www.redfin.com/PA/Pittsburgh/434-Forest-Ave-15202/home/74504636
"$1,050/mo","37 Overlook Dr, Pittsburgh, PA 15216",1 bed,1 bath,—,Very walkable,(412) 306-3567,https://ssl.cdn-redfin.com/photo/rent/745d576e-e18f-4338-bbc8-2f5384915143/islphoto/genIsl.0_1.jpg,https://www.redfin.com/PA/Pittsburgh/37-Overlook-Dr-15216/apartment/73584631
"$1,795/mo","87 Wyoming St, Pittsburgh, PA 15211",2 beds,1 bath,"1,000",Pets welcome,(412) 343-6206,https://ssl.cdn-redfin.com/photo/rent/70aaa913-6cba-43d1-be1a-1018b722ae45/islphoto/genIsl.0_1.jpg,https://www.redfin.com/PA/Pittsburgh/87-Wyoming-St-15211/home/73529499
"$1,000/mo","5727 Rural St, Pittsburgh, PA 15206",1 bed,1 bath,850,Parking,(724) 733-7100,https://ssl.cdn-redfin.com/photo/rent/dd5d272a-95d2-4c04-ae1d-5f37d21d14d5/islphoto/genIsl.0_1.jpg,https://www.redfin.com/PA/Pittsburgh/5727-Rural-St-15206/home/73509313
"$1,650/mo","728 Southern Ave, Mount Washington, PA 15211",4 beds,1 bath,"1,725",Parking,(888) 397-7352,https://ssl.cdn-redfin.com/photo/rent/d21c9007-43bf-44f9-9f1f-9e16f41137f8/islphoto/genIsl.0_1.jpg,https://www.redfin.com/PA/Mount-Washington/728-Southern-Ave-15211/home/74503420
"$1,250/mo","215 Kingsboro St, Pittsburgh, PA 15211",2 beds,1 bath,"1,200",Laundry in unit,(412) 572-1490,https://ssl.cdn-redfin.com/photo/rent/1e1a7404-b73e-479d-aabe-de8493636f4e/islphoto/genIsl.0_1.jpg,https://www.redfin.com/PA/Pittsburgh/215-Kingsboro-St-15211/home/74503297
"$1,900/mo","4012 Saline St, Pittsburgh, PA 15217",3 beds,2.5 baths,"2,147",Pets welcome,(412) 367-0100,https://ssl.cdn-redfin.com/photo/rent/f820ff1d-65a8-4277-9b03-6fbd6bf74aeb/islphoto/genIsl.0_1.jpg,https://www.redfin.com/PA/Pittsburgh/4012-Saline-St-15217/home/73584050
"$1,500/mo","709 Southern Ave, Mount Washington, PA 15211",4 beds,2 baths,"1,800",Car-dependent,(412) 904-1083,https://ssl.cdn-redfin.com/photo/rent/404251ee-f026-442c-9358-cb1a472fc38c/islphoto/genIsl.5_16.jpg,https://www.redfin.com/PA/Mount-Washington/709-Southern-Ave-15211/home/74503285
"$1,625/mo","243 Lelia St, Pittsburgh, PA 15211",3 beds,2 baths,"1,285",Pets welcome,(412) 569-8073,https://ssl.cdn-redfin.com/photo/rent/d81c43bb-532c-4d8a-920c-94f935966ff0/islphoto/genIsl.0_5.jpg,https://www.redfin.com/PA/Pittsburgh/243-Lelia-St-15211/home/74503015
"$1,575/mo","530 N Euclid Ave, Pittsburgh, PA 15206",2 beds,1 bath,900,Laundry in unit,(724) 259-8799,https://ssl.cdn-redfin.com/photo/rent/49745d76-3f5d-4783-8a35-1de1c52fcdaa/islphoto/genIsl.6_7.jpg,https://www.redfin.com/PA/Pittsburgh/530-N-Euclid-Ave-15206/apartment/73583070
"$1,283/mo","201 McKnight Park Dr, Pittsburgh, PA 15237",2 beds,2 baths,"1,140",A/C,(412) 364-3344,https://ssl.cdn-redfin.com/photo/rent/7ce7c105-1358-4d42-b7da-d01bb35977b5/islphoto/genIsl.0_6.jpg,https://www.redfin.com/PA/Pittsburgh/201-McKnight-Park-Dr-15237/home/73528083
"$1,325/mo","81 Westwood St, Pittsburgh, PA 15211",2 beds,1 bath,"1,440",Very walkable,(412) 390-0360,https://ssl.cdn-redfin.com/photo/rent/dc5dc326-9b68-42d5-971e-e2477f035547/islphoto/genIsl.15_25.jpg,https://www.redfin.com/PA/Pittsburgh/81-Westwood-St-15211/home/74502736
"$1,350/mo","108 Sherman St, Mount Oliver, PA 15210",4 beds,1 bath,"1,413",Very walkable,(412) 758-0207,https://ssl.cdn-redfin.com/photo/rent/bf80b6a2-3c68-4438-a6ff-2d8736149f54/islphoto/genIsl.0_1.jpg,https://www.redfin.com/PA/Mount-Oliver/108-Sherman-St-15210/home/74498555
"$1,050/mo","841 Heberton St, Pittsburgh, PA 15206",1 bed,1 bath,—,Somewhat walkable,(412) 904-1083,https://ssl.cdn-redfin.com/photo/rent/4faeee71-ed20-4c50-8f3e-75b38b5a74d5/islphoto/genIsl.0_1.jpg,https://www.redfin.com/PA/Pittsburgh/841-Heberton-St-15206/home/73582936
"$1,000/mo","137 Stamm Ave, Pittsburgh, PA 15210",2 beds,1 bath,"1,152",Very walkable,(412) 212-6674,https://ssl.cdn-redfin.com/photo/rent/df7ee3b1-62c3-4209-9b18-38b6ed6e4a74/islphoto/genIsl.0_1.jpg,https://www.redfin.com/PA/Pittsburgh/137-Stamm-Ave-15210/home/74498370
$999/mo,"123 Keever Ave, Pittsburgh, PA 15205",2 beds,1 bath,—,Pets welcome,(412) 904-1083,https://ssl.cdn-redfin.com/photo/rent/7ae000b5-82af-44d6-b103-8b8b5b517712/islphoto/genIsl.0_1.jpg,https://www.redfin.com/PA/Pittsburgh/123-Keever-Ave-15205/home/74622650
"$1,500/mo","153 Jucunda St, Pittsburgh, PA 15210",4 beds,2 baths,—,Very walkable,(412) 572-1490,https://ssl.cdn-redfin.com/photo/rent/6783519b-eb49-4064-814f-14bd961ea482/islphoto/genIsl.0_1.jpg,https://www.redfin.com/PA/Pittsburgh/153-Jucunda-St-15210/home/74498091
"$1,495/mo","1515 Rockland Ave, Pittsburgh, PA 15216",3 beds,1 bath,—,Dishwasher,(412) 520-8090,https://ssl.cdn-redfin.com/photo/rent/d2657c56-c74e-41ce-9580-3ad2511ae0be/islphoto/genIsl.0_1.jpg,https://www.redfin.com/PA/Pittsburgh/1515-Rockland-Ave-15216/home/73526563
"$1,850/mo","6927 Hilldale Dr, Pittsburgh, PA 15236",4 beds,2 baths,—,Dogs welcome,(412) 760-5249,https://ssl.cdn-redfin.com/photo/rent/77430e05-9015-47a3-b4b6-da379c99cdbe/islphoto/genIsl.0_1.jpg,https://www.redfin.com/PA/Pittsburgh/6927-Hilldale-Dr-15236/home/73507627
$795/mo,"341 Orchard Pl, Pittsburgh, PA 15210",2 beds,1 bath,—,Somewhat walkable,(412) 419-3980,https://ssl.cdn-redfin.com/photo/rent/42cd0d17-0843-4ab7-a498-3f7069e62050/islphoto/genIsl.0_1.jpg,https://www.redfin.com/PA/Pittsburgh/341-Orchard-Pl-15210/apartment/74498079
"$1,550/mo","2647 S 18th St, Pittsburgh, PA 15210",3 beds,1 bath,"2,618",Very walkable,(412) 390-0360,https://ssl.cdn-redfin.com/photo/rent/38cb7f69-26d5-44d2-8d3c-76464c02f387/islphoto/genIsl.0_2.jpg,https://www.redfin.com/PA/Pittsburgh/2647-S-18th-St-15210/home/74497767
"$2,990/mo","825 Morewood Ave Unit K, Pittsburgh, PA 15213",3 beds,3 baths,"1,804",Pets welcome,(724) 733-7100,https://ssl.cdn-redfin.com/photo/rent/8714fdf3-3690-4369-836c-a719453510c9/islphoto/genIsl.0_1.jpg,https://www.redfin.com/PA/Pittsburgh/825-Morewood-Ave-15213/unit-K/home/73579581
"$1,299/mo","2642 Quarry St, Pittsburgh, PA 15210",3 beds,1 bath,900,Very walkable,(412) 390-0360,https://ssl.cdn-redfin.com/photo/rent/094badf7-1181-4f98-ac6b-33b09af983b1/islphoto/genIsl.0_1.jpg,https://www.redfin.com/PA/Pittsburgh/2642-Quarry-St-15210/home/74497710
$990/mo,"215 Walter St, Pittsburgh, PA 15210",2 beds,1 bath,"1,142",Pets welcome,(412) 385-2300,https://ssl.cdn-redfin.com/photo/rent/bf73453f-b739-44e5-a42d-fec59e620cf7/islphoto/genIsl.0_2.jpg,https://www.redfin.com/PA/Pittsburgh/215-Walter-St-15210/home/74497591
"$1,200/mo","328 Whittier Dr, Pittsburgh, PA 15235",2 beds,1.5 baths,—,Pets welcome,(412) 426-9181,https://ssl.cdn-redfin.com/photo/rent/b681fc38-8f3f-46ec-831b-d1905c7cabec/islphoto/genIsl.0_1.jpg,https://www.redfin.com/PA/Pittsburgh/328-Whittier-Dr-15235/home/73577618
"$4,150/mo","403 Landon Gate, Pittsburgh, PA 15238",4 beds,3.5 baths,"2,814",Parking,(724) 934-3400,https://ssl.cdn-redfin.com/photo/rent/90bbb129-9974-462f-9ff3-ff70a9f793cb/islphoto/genIsl.0_1.jpg,https://www.redfin.com/PA/Pittsburgh/403-Landon-Gate-15238/home/73526353
"$1,499/mo","203 Millbridge St, Pittsburgh, PA 15210",3 beds,2 baths,—,Very walkable,(412) 390-0360,https://ssl.cdn-redfin.com/photo/rent/67821620-83f9-4f46-b49c-418b20f71a9f/islphoto/genIsl.0_1.jpg,https://www.redfin.com/PA/Pittsburgh/203-Millbridge-St-15210/home/74497402
"$1,599/mo","815 Industry St, Pittsburgh, PA 15210",3 beds,1.5 baths,—,Pets welcome,(412) 390-0360,https://ssl.cdn-redfin.com/photo/rent/3ae40269-de79-456d-9819-5ecb1c9c9297/islphoto/genIsl.5_4.jpg,https://www.redfin.com/PA/Pittsburgh/815-Industry-St-15210/home/74497388
"$1,800/mo","105 Bartley Rd, Pittsburgh, PA 15241",3 beds,1 bath,"1,146",Pets welcome,(888) 659-9596,https://ssl.cdn-redfin.com/photo/rent/e90c2d93-b251-4f01-9541-de606f112bbb/islphoto/genIsl.0_11.jpg,https://www.redfin.com/PA/Pittsburgh/105-Bartley-Rd-15241/home/73575506
"$2,500/mo","308 Marion Ave, Pittsburgh, PA 15221",3 beds,1 bath,—,Parking,(888) 397-7352,https://ssl.cdn-redfin.com/photo/rent/9ec150e7-efe6-421f-a108-bb45d77599c4/islphoto/genIsl.0_1.jpg,https://www.redfin.com/PA/Pittsburgh/308-Marion-Ave-15221/home/74606784
"$1,599/mo","16 Regina St, Pittsburgh, PA 15203",3 beds,1 bath,—,Very walkable,(412) 390-0360,https://ssl.cdn-redfin.com/photo/rent/6c3eb1dd-ad7c-4145-980d-5729b98a1778/islphoto/genIsl.0_2.jpg,https://www.redfin.com/PA/Pittsburgh/16-Regina-St-15203/home/74496998
"$1,250/mo","517 Ogden Ave, Pittsburgh, PA 15221",2 beds,1 bath,"1,296",A/C,(412) 401-7748,https://ssl.cdn-redfin.com/photo/rent/99558277-ee9a-4044-8b65-489af11f2ad7/islphoto/genIsl.0_1.jpg,https://www.redfin.com/PA/Pittsburgh/517-Ogden-Ave-15221/home/74606761
"$2,075/mo","200 Saint Thomas St, Pittsburgh, PA 15203",2 beds,2 baths,"1,272",Very walkable,(412) 390-0360,https://ssl.cdn-redfin.com/photo/rent/687c6999-be4b-4d57-848b-da6f47ea66a4/islphoto/genIsl.0_3.jpg,https://www.redfin.com/PA/Pittsburgh/200-Saint-Thomas-St-15203/home/74496958
"$1,850/mo","2 Edith Pl, Pittsburgh, PA 15213",2 beds,1 bath,—,Laundry in unit,(412) 729-3000,https://ssl.cdn-redfin.com/photo/rent/7e9a5010-63b1-472b-9aa1-d08ba5ad7de3/islphoto/genIsl.0_2.jpg,https://www.redfin.com/PA/Pittsburgh/2-Edith-Pl-15213/home/73574789
"$1,590/mo","2743 Voelkel Ave, Pittsburgh, PA 15216",2 beds,1 bath,"1,500",A/C,(412) 969-3772,https://ssl.cdn-redfin.com/photo/rent/7258ca5f-05b3-41b6-83c3-cbb79bb99ac0/islphoto/genIsl.0_1.jpg,https://www.redfin.com/PA/Pittsburgh/2743-Voelkel-Ave-15216/home/73507586
"$2,900/mo","1741 Chessland Pl, Pittsburgh, PA 15205",3 beds,1.5 baths,"1,400",Laundry in unit,(878) 218-9641,https://ssl.cdn-redfin.com/photo/rent/819969a1-9a30-47ff-bc98-7372416e3679/islphoto/genIsl.0_1.jpg,https://www.redfin.com/PA/Pittsburgh/1741-Chessland-Pl-15205/home/74620138
"$1,595/mo","27 S 14th St, Pittsburgh, PA 15203",2 beds,1.5 baths,—,Walker's paradise,(412) 455-7900,https://ssl.cdn-redfin.com/photo/rent/432c4110-d6bb-484c-8704-828209e21a31/islphoto/genIsl.1_3.jpg,https://www.redfin.com/PA/Pittsburgh/27-S-14th-St-15203/home/74620548
$950/mo,"70 S 15th St, Pittsburgh, PA 15203",1 bed,1 bath,800,Walker's paradise,(412) 945-0301,https://ssl.cdn-redfin.com/photo/rent/97eaff36-da0d-475a-96bc-0efc3778b96e/islphoto/genIsl.0_1.jpg,https://www.redfin.com/PA/Pittsburgh/70-S-15th-St-15203/home/74620549
"$1,400/mo","30 S 13th St, Pittsburgh, PA 15203",3 beds,1 bath,—,Walker's paradise,(412) 455-7900,https://ssl.cdn-redfin.com/photo/rent/9ffc54e0-bfed-4a82-bcec-b7e059da178e/islphoto/genIsl.0_1.jpg,https://www.redfin.com/PA/Pittsburgh/30-S-13th-St-15203/home/74620654
"$1,695/mo","141 S 15th St, Pittsburgh, PA 15203",3 beds,1 bath,—,Walker's paradise,(412) 491-2226,https://ssl.cdn-redfin.com/photo/rent/be5bc561-f875-4226-890b-5de2034f7c03/islphoto/genIsl.0_1.jpg,https://www.redfin.com/PA/Pittsburgh/141-S-15th-St-15203/home/74620861
"$1,375/mo","168 S 16th St, Pittsburgh, PA 15203",2 beds,1 bath,—,Pets welcome,(412) 576-6361,https://ssl.cdn-redfin.com/photo/rent/f86fceac-c11d-45fa-a564-947d4507e258/islphoto/genIsl.0_2.jpg,https://www.redfin.com/PA/Pittsburgh/168-S-16th-St-15203/home/74620869
"$1,200/mo","65 S 14th St, Pittsburgh, PA 15203",3 beds,2 baths,—,Pets welcome,(724) 220-4700,https://ssl.cdn-redfin.com/photo/rent/b50d16a4-51be-407d-a214-55c735a24b37/islphoto/genIsl.0_3.jpg,https://www.redfin.com/PA/Pittsburgh/65-S-14th-St-15203/home/74621251
$795/mo,"405 Union Ave, Pittsburgh, PA 15205",2 beds,1 bath,950,Somewhat walkable,(412) 916-3773,https://ssl.cdn-redfin.com/photo/rent/a193e309-f889-46ed-93aa-ab7cde1e0b6a/islphoto/genIsl.0_1.jpg,https://www.redfin.com/PA/Pittsburgh/405-Union-Ave-15205/home/74621383
"$1,795/mo","167 S 15th St, Pittsburgh, PA 15203",3 beds,1 bath,—,Dishwasher,(412) 531-1500,https://ssl.cdn-redfin.com/photo/rent/cce63755-b10d-4981-8cc8-fa3899b0aa3c/islphoto/genIsl.0_1.jpg,https://www.redfin.com/PA/Pittsburgh/167-S-15th-St-15203/home/74621607
"$1,700/mo","117 Elmont St, Pittsburgh, PA 15205",3 beds,1 bath,"1,584",Laundry in unit,(210) 904-1780,https://ssl.cdn-redfin.com/photo/rent/2b2ad79b-ad26-44a1-a710-396572a91446/islphoto/genIsl.0_1.jpg,https://www.redfin.com/PA/Pittsburgh/117-Elmont-St-15205/home/74621881
"$1,198/mo","1226 Bartow St, Pittsburgh, PA 15205",2 beds,1 bath,"1,300",Dogs welcome,(412) 492-2055,https://ssl.cdn-redfin.com/photo/rent/fa21f39c-4da7-4ab7-9644-cb283900954e/islphoto/genIsl.0_1.jpg,https://www.redfin.com/PA/Pittsburgh/1226-Bartow-St-15205/home/74622236
"$1,875/mo","143 Clairtonica St, Pittsburgh, PA 15205",4 beds,2 baths,"1,952",Dishwasher,(412) 631-3100,https://ssl.cdn-redfin.com/photo/rent/e6d34c0d-8a20-40f6-bc94-3eef374b3f14/islphoto/genIsl.0_1.jpg,https://www.redfin.com/PA/Pittsburgh/143-Clairtonica-St-15205/home/74622429
$999/mo,"99 Bradford Ave, Pittsburgh, PA 15205",1 bed,1 bath,—,Pets welcome,(412) 850-4560,https://ssl.cdn-redfin.com/photo/rent/c0844c2f-bc79-4fd6-ba35-cd75fc11345c/islphoto/genIsl.0_1.jpg,https://www.redfin.com/PA/Pittsburgh/99-Bradford-Ave-15205/apartment/74622481
"$1,200/mo","522 Freeland St, Pittsburgh, PA 15210",3 beds,1 bath,"1,796",Pets welcome,(914) 432-9962,https://ssl.cdn-redfin.com/photo/rent/b44d59d2-bb70-4003-bddf-2a425fd9fd00/islphoto/genIsl.0_1.jpg,https://www.redfin.com/PA/Pittsburgh/522-Freeland-St-15210/home/73495485
$925/mo,"1908 Dale St, Pittsburgh, PA 15205",1 bed,1 bath,—,Pets welcome,(412) 385-2300,https://ssl.cdn-redfin.com/photo/rent/f7ffe707-27ba-463d-b894-a4ab054e0008/islphoto/genIsl.0_1.jpg,https://www.redfin.com/PA/Pittsburgh/1908-Dale-St-15205/home/74622720
"$1,600/mo","1337 Jeffers St, Pittsburgh, PA 15204",3 beds,1.5 baths,"1,056",A/C,(814) 418-9286,https://ssl.cdn-redfin.com/photo/rent/a790bc17-cb80-46a4-b8d2-97f65f8d5890/islphoto/genIsl.0_3.jpg,https://www.redfin.com/PA/Pittsburgh/1337-Jeffers-St-15204/home/74624493
"$1,300/mo","635 Wenzell Ave, Pittsburgh, PA 15216",2 beds,1 bath,"3,750",Laundry in unit,(347) 641-1641,https://ssl.cdn-redfin.com/photo/rent/02b42d13-5434-44ef-885f-dec1ec6c0d77/islphoto/genIsl.0_1.jpg,https://www.redfin.com/PA/Pittsburgh/635-Wenzell-Ave-15216/home/74604719
"$1,395/mo","3050 Glen Mawr St, Pittsburgh, PA 15204",3 beds,1 bath,—,Car-dependent,(412) 904-1083,https://ssl.cdn-redfin.com/photo/rent/3661fda9-996e-4be3-9d3b-75ae8d8e38f2/islphoto/genIsl.0_1.jpg,https://www.redfin.com/PA/Pittsburgh/3050-Glen-Mawr-St-15204/home/74627683
"$1,195/mo","3013 Ashlyn St, Pittsburgh, PA 15204",4 beds,1 bath,—,Dogs welcome,(412) 960-1820,https://ssl.cdn-redfin.com/photo/rent/b43bf6ab-1a60-451c-9304-0533a94cb33d/islphoto/genIsl.0_1.jpg,https://www.redfin.com/PA/Pittsburgh/3013-Ashlyn-St-15204/home/74627904
$895/mo,"1241 Mutual St, Pittsburgh, PA 15204",0 beds,1 bath,—,Car-dependent,(412) 426-9181,https://ssl.cdn-redfin.com/photo/rent/b2a03d88-d96d-4af9-9a99-362ca85a6cd2/islphoto/genIsl.0_1.jpg,https://www.redfin.com/PA/Pittsburgh/1241-Mutual-St-15204/home/74628234
"$1,700/mo","3343 Maple Dr, Pittsburgh, PA 15237",3 beds,1 bath,"1,125",Parking,(412) 262-4630,https://ssl.cdn-redfin.com/photo/rent/c1ec4367-3d69-40a2-9659-d8ae89909d45/islphoto/genIsl.0_1.jpg,https://www.redfin.com/PA/Pittsburgh/3343-Maple-Dr-15237/home/74628969
$950/mo,"456 Woodland Rd, Pittsburgh, PA 15237",3 beds,1 bath,—,Pets welcome,(412) 352-3802,https://ssl.cdn-redfin.com/photo/rent/acf362fa-c583-47f2-846d-5a551c6e08a4/islphoto/genIsl.0_1.jpg,https://www.redfin.com/PA/Pittsburgh/456-Woodland-Rd-15237/home/74629220
"$1,099/mo","801 McKnight Park Dr, Pittsburgh, PA 15237",1 bed,1 bath,850,A/C,(412) 364-3344,https://ssl.cdn-redfin.com/photo/rent/bcc6cb1b-90a1-4565-ae60-4e87cb415a82/islphoto/genIsl.0_10.jpg,https://www.redfin.com/PA/Pittsburgh/801-McKnight-Park-Dr-15237/home/74629343
$935/mo,"102 McKnight Park Dr, Pittsburgh, PA 15237",1 bed,1 bath,800,Dishwasher,(412) 364-3344,https://ssl.cdn-redfin.com/photo/rent/baab4a43-8c75-4767-a46b-430faff8ef66/islphoto/genIsl.0_1.jpg,https://www.redfin.com/PA/Pittsburgh/102-McKnight-Park-Dr-15237/home/74629354
"$1,195/mo","12137 Harvard Dr, Pittsburgh, PA 15235",3 beds,1 bath,—,Parking,(412) 228-5783,https://ssl.cdn-redfin.com/photo/rent/624fc771-1f69-427d-9afb-7218920e36b4/islphoto/genIsl.0_1.jpg,https://www.redfin.com/PA/Pittsburgh/12137-Harvard-Dr-15235/home/74635217
"$1,450/mo","8 Regina St, Pittsburgh, PA 15203",2 beds,1 bath,"1,376",Very walkable,(412) 390-0360,https://ssl.cdn-redfin.com/photo/rent/3ba13782-65b0-4e70-9680-a65c652297a2/islphoto/genIsl.0_1.jpg,https://www.redfin.com/PA/Pittsburgh/8-Regina-St-15203/home/74496946
"$1,750/mo","1238 Superior Ave, Pittsburgh, PA 15212",3 beds,2 baths,"2,093",Somewhat walkable,(914) 432-9962,https://ssl.cdn-redfin.com/photo/rent/33796572-0a02-40d5-b705-090d5be2b117/islphoto/genIsl.9_2.jpg,https://www.redfin.com/PA/Pittsburgh/1238-Superior-Ave-15212/home/74640199
$750/mo,"1406 Superior Ave, Allegheny, PA 15212",1 bed,1 bath,—,Somewhat walkable,(724) 553-8698,https://ssl.cdn-redfin.com/photo/rent/eec77043-3844-4184-b3a5-503edfdf7d95/islphoto/genIsl.0_1.jpg,https://www.redfin.com/PA/Allegheny/1406-Superior-Ave-15212/home/74640235
"$1,400/mo","341 Marose Dr, Pittsburgh, PA 15235",3 beds,1 bath,—,Pets welcome,(412) 729-3000,https://ssl.cdn-redfin.com/photo/rent/d5dc2bd2-69d2-45c7-90d7-7884498a6b31/islphoto/genIsl.0_1.jpg,https://www.redfin.com/PA/Pittsburgh/341-Marose-Dr-15235/home/74604552
